order_id,customer_id,order_date,product_name,category,price,quantity,total,month,day_of_week
ORD_000000,CUST_0271,2023-11-12,Curtains,Home & Garden,310.52,1,403.68,2023-11,Sunday
ORD_000001,CUST_0331,2024-03-03,Curtains,Home & Garden,312.52,2,625.04,2024-03,Sunday
ORD_000002,CUST_0309,2025-05-24,Jacket,Clothing,188.94,1,188.94,2025-05,Saturday
ORD_000003,CUST_0161,2024-05-04,Cookbook,Books,30.99,1,30.99,2024-05,Saturday
ORD_000004,CUST_0059,2025-02-12,Jacket,Clothing,195.28,1,195.28,2025-02,Wednesday
ORD_000005,CUST_0051,2025-06-18,Textbook,Books,33.7,1,33.7,2025-06,Wednesday
ORD_000006,CUST_0021,2025-05-09,Smartphone,Electronics,1433.55,3,4300.65,2025-05,Friday
ORD_000007,CUST_0265,2024-03-30,Shoes,Clothing,61.56,1,61.56,2024-03,Saturday
ORD_000008,CUST_0264,2024-10-29,Chair,Home & Garden,151.63,1,151.63,2024-10,Tuesday
ORD_000009,CUST_0054,2023-08-03,Jacket,Clothing,53.27,3,159.81,2023-08,Thursday
ORD_000010,CUST_0044,2025-07-31,Jeans,Clothing,181.07,1,181.07,2025-07,Thursday
ORD_000011,CUST_0215,2024-04-28,Fiction Novel,Books,48.45,2,96.9,2024-04,Sunday
ORD_000012,CUST_0053,2024-07-04,T-Shirt,Clothing,70.57,1,70.57,2024-07,Thursday
ORD_000013,CUST_0157,2023-09-11,Basketball,Sports,19.46,1,19.46,2023-09,Monday
ORD_000014,CUST_0136,2023-12-08,Lamp,Home & Garden,362.22,2,941.77,2023-12,Friday
ORD_000015,CUST_0261,2024-05-16,Jeans,Clothing,40.86,2,81.72,2024-05,Thursday
ORD_000016,CUST_0048,2023-09-03,Hair Product,Beauty,75.66,1,75.66,2023-09,Sunday
ORD_000017,CUST_0227,2025-01-29,Yoga Mat,Sports,231.82,1,231.82,2025-01,Wednesday
ORD_000018,CUST_0283,2024-09-02,Smartphone,Electronics,233.04,1,233.04,2024-09,Monday
ORD_000019,CUST_0231,2025-02-26,Tablet,Electronics,932.26,1,932.26,2025-02,Wednesday
ORD_000020,CUST_0231,2024-11-28,Yoga Mat,Sports,72.87,3,284.19,2024-11,Thursday
ORD_000021,CUST_0243,2025-06-30,Skincare Set,Beauty,93.67,2,187.34,2025-06,Monday
ORD_000022,CUST_0284,2025-05-08,Textbook,Books,17.46,2,34.92,2025-05,Thursday
ORD_000023,CUST_0128,2024-06-27,Jacket,Clothing,84.13,3,252.39,2024-06,Thursday
ORD_000024,CUST_0283,2024-08-20,Lipstick,Beauty,83.62,2,167.24,2024-08,Tuesday
ORD_000025,CUST_0198,2024-07-25,Chair,Home & Garden,257.87,1,257.87,2024-07,Thursday
ORD_000026,CUST_0172,2024-03-22,Chair,Home & Garden,219.8,1,219.8,2024-03,Friday
ORD_000027,CUST_0052,2024-10-16,Cookbook,Books,38.49,1,38.49,2024-10,Wednesday
ORD_000028,CUST_0187,2023-10-21,Smartphone,Electronics,853.48,1,853.48,2023-10,Saturday
ORD_000029,CUST_0126,2024-03-13,Shoes,Clothing,108.1,3,324.3,2024-03,Wednesday
ORD_000030,CUST_0247,2024-09-20,Biography,Books,24.79,1,24.79,2024-09,Friday
ORD_000031,CUST_0280,2024-05-21,Running Shoes,Sports,295.28,1,295.28,2024-05,Tuesday
ORD_000032,CUST_0240,2024-12-24,Laptop,Electronics,617.01,1,802.11,2024-12,Tuesday
ORD_000033,CUST_0259,2024-07-15,Textbook,Books,37.1,1,37.1,2024-07,Monday
ORD_000034,CUST_0147,2024-12-24,Textbook,Books,47.62,1,61.91,2024-12,Tuesday
ORD_000035,CUST_0129,2025-02-02,Plant,Home & Garden,375.55,1,375.55,2025-02,Sunday
ORD_000036,CUST_0298,2024-09-19,Plant,Home & Garden,112.23,3,336.69,2024-09,Thursday
ORD_000037,CUST_0002,2025-02-23,Tablet,Electronics,925.78,2,1851.56,2025-02,Sunday
ORD_000038,CUST_0233,2023-08-10,Lamp,Home & Garden,371.2,2,742.4,2023-08,Thursday
ORD_000039,CUST_0054,2023-12-31,Tablet,Electronics,309.38,1,402.19,2023-12,Sunday
ORD_000040,CUST_0104,2024-09-26,Biography,Books,24.89,3,74.67,2024-09,Thursday
ORD_000041,CUST_0194,2024-01-01,Perfume,Beauty,68.68,1,68.68,2024-01,Monday
ORD_000042,CUST_0068,2024-01-09,Camera,Electronics,432.47,1,432.47,2024-01,Tuesday
ORD_000043,CUST_0135,2024-08-27,Chair,Home & Garden,174.79,1,174.79,2024-08,Tuesday
ORD_000044,CUST_0022,2024-11-13,Hair Product,Beauty,53.81,3,209.86,2024-11,Wednesday
ORD_000045,CUST_0226,2023-08-28,Basketball,Sports,179.42,1,179.42,2023-08,Monday
ORD_000046,CUST_0317,2024-10-27,Plant,Home & Garden,41.43,1,41.43,2024-10,Sunday
ORD_000047,CUST_0172,2023-08-18,Magazine,Books,21.18,2,42.36,2023-08,Friday
ORD_000048,CUST_0280,2023-09-07,Basketball,Sports,172.54,1,172.54,2023-09,Thursday
ORD_000049,CUST_0116,2025-07-01,Weights,Sports,69.41,1,69.41,2025-07,Tuesday
ORD_000050,CUST_0128,2024-06-19,T-Shirt,Clothing,91.04,2,182.08,2024-06,Wednesday
ORD_000051,CUST_0174,2024-06-19,Jeans,Clothing,65.75,1,65.75,2024-06,Wednesday
ORD_000052,CUST_0299,2023-11-13,Hair Product,Beauty,36.69,1,47.7,2023-11,Monday
ORD_000053,CUST_0013,2024-09-12,Cookbook,Books,10.21,1,10.21,2024-09,Thursday
ORD_000054,CUST_0321,2023-08-21,Skincare Set,Beauty,89.8,1,89.8,2023-08,Monday
ORD_000055,CUST_0322,2024-07-20,Perfume,Beauty,51.9,1,51.9,2024-07,Saturday
ORD_000056,CUST_0150,2023-12-04,Jeans,Clothing,25.49,1,33.14,2023-12,Monday
ORD_000057,CUST_0101,2023-09-24,Camera,Electronics,553.01,3,1659.03,2023-09,Sunday
ORD_000058,CUST_0196,2023-11-12,Hair Product,Beauty,27.49,1,35.74,2023-11,Sunday
ORD_000059,CUST_0269,2025-05-18,Jacket,Clothing,148.63,1,148.63,2025-05,Sunday
ORD_000060,CUST_0319,2023-11-29,Plant,Home & Garden,379.7,1,493.61,2023-11,Wednesday
ORD_000061,CUST_0117,2024-11-17,Lipstick,Beauty,71.96,1,93.55,2024-11,Sunday
ORD_000062,CUST_0001,2025-04-26,T-Shirt,Clothing,138.84,1,138.84,2025-04,Saturday
ORD_000063,CUST_0189,2024-04-29,Weights,Sports,134.59,1,134.59,2024-04,Monday
ORD_000064,CUST_0086,2025-05-18,Camera,Electronics,350.89,1,350.89,2025-05,Sunday
ORD_000065,CUST_0238,2023-11-03,Skincare Set,Beauty,25.78,1,33.51,2023-11,Friday
ORD_000066,CUST_0039,2024-11-17,Fiction Novel,Books,28.59,1,37.17,2024-11,Sunday
ORD_000067,CUST_0246,2025-01-04,Running Shoes,Sports,27.91,1,27.91,2025-01,Saturday
ORD_000068,CUST_0096,2025-05-21,Camera,Electronics,1089.15,1,1089.15,2025-05,Wednesday
ORD_000069,CUST_0247,2024-07-02,T-Shirt,Clothing,176.1,1,176.1,2024-07,Tuesday
ORD_000070,CUST_0178,2025-05-26,Plant,Home & Garden,90.4,2,180.8,2025-05,Monday
ORD_000071,CUST_0101,2024-10-01,Biography,Books,42.82,1,42.82,2024-10,Tuesday
ORD_000072,CUST_0044,2023-09-13,Weights,Sports,76.16,1,76.16,2023-09,Wednesday
ORD_000073,CUST_0242,2024-04-10,Chair,Home & Garden,338.19,1,338.19,2024-04,Wednesday
ORD_000074,CUST_0115,2025-03-25,Tablet,Electronics,1100.76,1,1100.76,2025-03,Tuesday
ORD_000075,CUST_0217,2023-10-15,Weights,Sports,95.38,1,95.38,2023-10,Sunday
ORD_000076,CUST_0192,2024-10-31,Chair,Home & Garden,373.87,1,373.87,2024-10,Thursday
ORD_000077,CUST_0152,2023-11-05,Hair Product,Beauty,31.47,1,40.91,2023-11,Sunday
ORD_000078,CUST_0217,2024-05-06,Chair,Home & Garden,207.53,1,207.53,2024-05,Monday
ORD_000079,CUST_0217,2025-03-19,Hair Product,Beauty,90.6,1,90.6,2025-03,Wednesday
ORD_000080,CUST_0233,2024-08-31,Plant,Home & Garden,196.81,3,590.43,2024-08,Saturday
ORD_000081,CUST_0052,2024-08-19,Table,Home & Garden,326.96,1,326.96,2024-08,Monday
ORD_000082,CUST_0025,2023-11-08,Biography,Books,18.51,3,72.19,2023-11,Wednesday
ORD_000083,CUST_0057,2023-12-23,Weights,Sports,155.91,1,202.68,2023-12,Saturday
ORD_000084,CUST_0122,2024-03-11,Yoga Mat,Sports,268.0,1,268.0,2024-03,Monday
ORD_000085,CUST_0239,2025-05-20,Fiction Novel,Books,40.46,1,40.46,2025-05,Tuesday
ORD_000086,CUST_0230,2024-04-10,Hair Product,Beauty,30.03,1,30.03,2024-04,Wednesday
ORD_000087,CUST_0194,2025-04-26,Weights,Sports,39.18,3,117.54,2025-04,Saturday
ORD_000088,CUST_0321,2024-12-09,Skincare Set,Beauty,31.3,3,122.07,2024-12,Monday
ORD_000089,CUST_0132,2024-05-28,Textbook,Books,13.34,2,26.68,2024-05,Tuesday
ORD_000090,CUST_0167,2024-01-30,Table,Home & Garden,455.99,1,455.99,2024-01,Tuesday
ORD_000091,CUST_0173,2024-10-25,Tennis Racket,Sports,148.57,1,148.57,2024-10,Friday
ORD_000092,CUST_0317,2024-11-19,Laptop,Electronics,1085.35,1,1410.96,2024-11,Tuesday
ORD_000093,CUST_0191,2024-12-18,Fiction Novel,Books,13.32,1,17.32,2024-12,Wednesday
ORD_000094,CUST_0134,2023-11-26,Jacket,Clothing,196.02,1,254.83,2023-11,Sunday
ORD_000095,CUST_0080,2023-12-28,Hair Product,Beauty,99.37,1,129.18,2023-12,Thursday
ORD_000096,CUST_0147,2024-03-15,Fiction Novel,Books,30.92,1,30.92,2024-03,Friday
ORD_000097,CUST_0143,2025-01-08,Camera,Electronics,1106.0,1,1106.0,2025-01,Wednesday
ORD_000098,CUST_0012,2024-11-14,Jacket,Clothing,39.22,1,50.99,2024-11,Thursday
ORD_000099,CUST_0164,2023-12-01,Jeans,Clothing,61.29,1,79.68,2023-12,Friday
ORD_000100,CUST_0228,2023-09-11,Chair,Home & Garden,161.49,1,161.49,2023-09,Monday
ORD_000101,CUST_0220,2024-11-04,Weights,Sports,274.61,2,713.99,2024-11,Monday
ORD_000102,CUST_0256,2025-03-17,Basketball,Sports,134.2,3,402.6,2025-03,Monday
ORD_000103,CUST_0251,2024-03-30,Weights,Sports,22.51,1,22.51,2024-03,Saturday
ORD_000104,CUST_0146,2023-10-05,Headphones,Electronics,972.37,1,972.37,2023-10,Thursday
ORD_000105,CUST_0098,2025-06-20,Headphones,Electronics,374.01,1,374.01,2025-06,Friday
ORD_000106,CUST_0197,2024-12-31,Yoga Mat,Sports,173.3,2,450.58,2024-12,Tuesday
ORD_000107,CUST_0202,2025-06-08,Dress,Clothing,64.52,1,64.52,2025-06,Sunday
ORD_000108,CUST_0051,2023-08-02,Weights,Sports,74.06,2,148.12,2023-08,Wednesday
ORD_000109,CUST_0288,2024-12-01,Jacket,Clothing,68.36,1,88.87,2024-12,Sunday
ORD_000110,CUST_0162,2024-04-07,Perfume,Beauty,56.81,2,113.62,2024-04,Sunday
ORD_000111,CUST_0236,2023-09-24,Yoga Mat,Sports,129.99,1,129.99,2023-09,Sunday
ORD_000112,CUST_0207,2024-05-30,Weights,Sports,197.22,2,394.44,2024-05,Thursday
ORD_000113,CUST_0192,2023-11-12,Cookbook,Books,24.02,1,31.23,2023-11,Sunday
ORD_000114,CUST_0308,2024-07-01,Laptop,Electronics,1218.75,1,1218.75,2024-07,Monday
ORD_000115,CUST_0051,2023-11-15,Camera,Electronics,1235.41,1,1606.03,2023-11,Wednesday
ORD_000116,CUST_0330,2024-09-05,Tablet,Electronics,286.11,1,286.11,2024-09,Thursday
ORD_000117,CUST_0205,2023-09-23,Perfume,Beauty,62.17,1,62.17,2023-09,Saturday
ORD_000118,CUST_0249,2023-11-20,Plant,Home & Garden,115.48,1,150.12,2023-11,Monday
ORD_000119,CUST_0195,2024-02-12,Curtains,Home & Garden,487.36,1,487.36,2024-02,Monday
ORD_000120,CUST_0277,2023-09-21,Tennis Racket,Sports,94.4,1,94.4,2023-09,Thursday
ORD_000121,CUST_0326,2024-09-09,Camera,Electronics,799.01,1,799.01,2024-09,Monday
ORD_000122,CUST_0078,2025-01-28,Shoes,Clothing,77.88,1,77.88,2025-01,Tuesday
ORD_000123,CUST_0121,2023-09-17,Perfume,Beauty,92.88,1,92.88,2023-09,Sunday
ORD_000124,CUST_0292,2023-08-27,Laptop,Electronics,976.46,3,2929.38,2023-08,Sunday
ORD_000125,CUST_0127,2024-05-30,Foundation,Beauty,78.4,1,78.4,2024-05,Thursday
ORD_000126,CUST_0154,2024-08-21,Perfume,Beauty,32.72,2,65.44,2024-08,Wednesday
ORD_000127,CUST_0238,2025-04-15,Plant,Home & Garden,80.37,1,80.37,2025-04,Tuesday
ORD_000128,CUST_0192,2023-08-16,Camera,Electronics,436.97,1,436.97,2023-08,Wednesday
ORD_000129,CUST_0231,2024-04-30,Foundation,Beauty,58.18,1,58.18,2024-04,Tuesday
ORD_000130,CUST_0212,2025-01-07,Tablet,Electronics,661.64,1,661.64,2025-01,Tuesday
ORD_000131,CUST_0111,2023-12-25,Cookbook,Books,32.31,1,42.0,2023-12,Monday
ORD_000132,CUST_0042,2025-03-18,Camera,Electronics,672.01,1,672.01,2025-03,Tuesday
ORD_000133,CUST_0315,2024-10-17,Weights,Sports,281.1,1,281.1,2024-10,Thursday
ORD_000134,CUST_0198,2024-05-04,Skincare Set,Beauty,86.57,1,86.57,2024-05,Saturday
ORD_000135,CUST_0095,2024-07-16,Headphones,Electronics,881.86,1,881.86,2024-07,Tuesday
ORD_000136,CUST_0223,2025-01-30,Foundation,Beauty,61.84,3,185.52,2025-01,Thursday
ORD_000137,CUST_0118,2025-05-08,Headphones,Electronics,1267.12,2,2534.24,2025-05,Thursday
ORD_000138,CUST_0026,2025-07-16,Curtains,Home & Garden,391.66,1,391.66,2025-07,Wednesday
ORD_000139,CUST_0324,2023-11-27,Plant,Home & Garden,268.58,1,349.15,2023-11,Monday
ORD_000140,CUST_0001,2025-02-10,Shoes,Clothing,111.1,3,333.3,2025-02,Monday
ORD_000141,CUST_0161,2024-04-16,Foundation,Beauty,50.88,1,50.88,2024-04,Tuesday
ORD_000142,CUST_0172,2025-05-12,Shoes,Clothing,143.22,1,143.22,2025-05,Monday
ORD_000143,CUST_0101,2024-06-15,Laptop,Electronics,351.7,1,351.7,2024-06,Saturday
ORD_000144,CUST_0094,2025-02-01,Camera,Electronics,1279.81,3,3839.43,2025-02,Saturday
ORD_000145,CUST_0137,2024-06-30,Jacket,Clothing,88.26,3,264.78,2024-06,Sunday
ORD_000146,CUST_0060,2024-06-16,Yoga Mat,Sports,241.65,1,241.65,2024-06,Sunday
ORD_000147,CUST_0213,2024-05-18,Weights,Sports,82.17,1,82.17,2024-05,Saturday
ORD_000148,CUST_0132,2025-02-25,Camera,Electronics,964.8,1,964.8,2025-02,Tuesday
ORD_000149,CUST_0104,2024-05-22,Perfume,Beauty,66.17,1,66.17,2024-05,Wednesday
ORD_000150,CUST_0143,2025-02-26,Laptop,Electronics,661.97,1,661.97,2025-02,Wednesday
ORD_000151,CUST_0104,2025-04-08,Lamp,Home & Garden,232.82,1,232.82,2025-04,Tuesday
ORD_000152,CUST_0042,2024-01-27,Magazine,Books,29.82,2,59.64,2024-01,Saturday
ORD_000153,CUST_0157,2024-09-24,Lipstick,Beauty,38.05,1,38.05,2024-09,Tuesday
ORD_000154,CUST_0254,2024-05-16,Cookbook,Books,40.5,2,81.0,2024-05,Thursday
ORD_000155,CUST_0294,2023-11-27,Running Shoes,Sports,145.25,1,188.82,2023-11,Monday
ORD_000156,CUST_0157,2023-08-16,Weights,Sports,80.34,2,160.68,2023-08,Wednesday
ORD_000157,CUST_0095,2023-12-09,Lamp,Home & Garden,295.79,2,769.05,2023-12,Saturday
ORD_000158,CUST_0069,2024-05-10,Biography,Books,48.36,1,48.36,2024-05,Friday
ORD_000159,CUST_0200,2023-12-13,Dress,Clothing,47.6,1,61.88,2023-12,Wednesday
ORD_000160,CUST_0111,2024-02-27,Biography,Books,47.28,1,47.28,2024-02,Tuesday
ORD_000161,CUST_0133,2024-06-20,Tennis Racket,Sports,234.81,1,234.81,2024-06,Thursday
ORD_000162,CUST_0029,2023-09-21,Lipstick,Beauty,93.3,1,93.3,2023-09,Thursday
ORD_000163,CUST_0110,2025-04-05,Fiction Novel,Books,23.29,1,23.29,2025-04,Saturday
ORD_000164,CUST_0149,2024-08-06,Camera,Electronics,635.76,2,1271.52,2024-08,Tuesday
ORD_000165,CUST_0154,2023-11-26,Headphones,Electronics,717.62,1,932.91,2023-11,Sunday
ORD_000166,CUST_0294,2023-10-15,Jeans,Clothing,106.55,3,319.65,2023-10,Sunday
ORD_000167,CUST_0251,2025-05-02,Chair,Home & Garden,264.23,1,264.23,2025-05,Friday
ORD_000168,CUST_0177,2024-01-09,Yoga Mat,Sports,195.2,1,195.2,2024-01,Tuesday
ORD_000169,CUST_0049,2024-11-12,Tablet,Electronics,796.69,1,1035.7,2024-11,Tuesday
ORD_000170,CUST_0063,2024-07-08,Basketball,Sports,100.38,1,100.38,2024-07,Monday
ORD_000171,CUST_0211,2024-03-03,Hair Product,Beauty,66.25,1,66.25,2024-03,Sunday
ORD_000172,CUST_0019,2023-12-23,T-Shirt,Clothing,159.59,1,207.47,2023-12,Saturday
ORD_000173,CUST_0113,2024-02-11,Dress,Clothing,47.94,1,47.94,2024-02,Sunday
ORD_000174,CUST_0131,2023-09-25,Jeans,Clothing,181.54,1,181.54,2023-09,Monday
ORD_000175,CUST_0055,2023-10-27,Cookbook,Books,44.68,1,44.68,2023-10,Friday
ORD_000176,CUST_0247,2024-06-09,Lamp,Home & Garden,267.59,1,267.59,2024-06,Sunday
ORD_000177,CUST_0229,2024-03-27,Lamp,Home & Garden,336.79,1,336.79,2024-03,Wednesday
ORD_000178,CUST_0291,2024-09-22,Perfume,Beauty,96.64,3,289.92,2024-09,Sunday
ORD_000179,CUST_0223,2024-01-30,Jeans,Clothing,35.39,1,35.39,2024-01,Tuesday
ORD_000180,CUST_0112,2023-12-26,Yoga Mat,Sports,181.17,1,235.52,2023-12,Tuesday
ORD_000181,CUST_0303,2024-12-27,Running Shoes,Sports,110.72,2,287.87,2024-12,Friday
ORD_000182,CUST_0119,2025-07-08,Textbook,Books,34.97,1,34.97,2025-07,Tuesday
ORD_000183,CUST_0053,2024-03-14,Biography,Books,47.94,2,95.88,2024-03,Thursday
ORD_000184,CUST_0081,2024-05-07,Dress,Clothing,181.02,2,362.04,2024-05,Tuesday
ORD_000185,CUST_0115,2025-07-22,Laptop,Electronics,904.12,1,904.12,2025-07,Tuesday
ORD_000186,CUST_0201,2024-07-25,Perfume,Beauty,47.95,1,47.95,2024-07,Thursday
ORD_000187,CUST_0109,2023-08-30,Shoes,Clothing,23.31,3,69.93,2023-08,Wednesday
ORD_000188,CUST_0041,2023-09-12,Foundation,Beauty,59.88,1,59.88,2023-09,Tuesday
ORD_000189,CUST_0076,2024-08-13,Tennis Racket,Sports,54.91,1,54.91,2024-08,Tuesday
ORD_000190,CUST_0134,2024-05-14,Table,Home & Garden,312.24,1,312.24,2024-05,Tuesday
ORD_000191,CUST_0173,2024-10-29,Smartphone,Electronics,725.7,2,1451.4,2024-10,Tuesday
ORD_000192,CUST_0064,2025-02-09,Jacket,Clothing,192.55,1,192.55,2025-02,Sunday
ORD_000193,CUST_0292,2025-06-24,Table,Home & Garden,62.08,2,124.16,2025-06,Tuesday
ORD_000194,CUST_0164,2023-08-12,Headphones,Electronics,586.26,1,586.26,2023-08,Saturday
ORD_000195,CUST_0055,2023-11-07,Hair Product,Beauty,53.54,1,69.6,2023-11,Tuesday
ORD_000196,CUST_0227,2023-12-27,Biography,Books,43.86,3,171.05,2023-12,Wednesday
ORD_000197,CUST_0201,2024-11-25,Jeans,Clothing,39.19,1,50.95,2024-11,Monday
ORD_000198,CUST_0129,2023-08-18,Camera,Electronics,1094.92,1,1094.92,2023-08,Friday
ORD_000199,CUST_0291,2023-09-09,Table,Home & Garden,405.73,1,405.73,2023-09,Saturday
ORD_000200,CUST_0102,2024-11-21,Jacket,Clothing,84.98,1,110.47,2024-11,Thursday
ORD_000201,CUST_0330,2023-08-18,Laptop,Electronics,440.67,1,440.67,2023-08,Friday
ORD_000202,CUST_0264,2024-03-04,Basketball,Sports,202.75,1,202.75,2024-03,Monday
ORD_000203,CUST_0200,2025-07-11,Smartphone,Electronics,836.25,1,836.25,2025-07,Friday
ORD_000204,CUST_0026,2024-12-02,T-Shirt,Clothing,52.5,1,68.25,2024-12,Monday
ORD_000205,CUST_0270,2024-04-07,Basketball,Sports,69.89,1,69.89,2024-04,Sunday
ORD_000206,CUST_0082,2025-07-28,Skincare Set,Beauty,86.01,1,86.01,2025-07,Monday
ORD_000207,CUST_0103,2024-12-03,Headphones,Electronics,928.88,1,1207.54,2024-12,Tuesday
ORD_000208,CUST_0293,2023-12-10,Table,Home & Garden,370.64,1,481.83,2023-12,Sunday
ORD_000209,CUST_0004,2025-01-09,Basketball,Sports,225.29,1,225.29,2025-01,Thursday
ORD_000210,CUST_0108,2024-12-06,Foundation,Beauty,12.2,2,31.72,2024-12,Friday
ORD_000211,CUST_0251,2024-09-18,Weights,Sports,124.43,3,373.29,2024-09,Wednesday
ORD_000212,CUST_0302,2023-09-09,Magazine,Books,40.69,1,40.69,2023-09,Saturday
ORD_000213,CUST_0236,2024-04-02,Tablet,Electronics,1479.31,2,2958.62,2024-04,Tuesday
ORD_000214,CUST_0065,2024-07-25,Lipstick,Beauty,19.94,1,19.94,2024-07,Thursday
ORD_000215,CUST_0324,2025-06-01,Shoes,Clothing,27.58,1,27.58,2025-06,Sunday
ORD_000216,CUST_0305,2025-03-08,Tablet,Electronics,483.73,3,1451.19,2025-03,Saturday
ORD_000217,CUST_0198,2023-10-01,Perfume,Beauty,91.34,3,274.02,2023-10,Sunday
ORD_000218,CUST_0052,2025-07-12,Biography,Books,26.06,2,52.12,2025-07,Saturday
ORD_000219,CUST_0243,2024-06-06,Tennis Racket,Sports,28.38,1,28.38,2024-06,Thursday
ORD_000220,CUST_0259,2024-12-19,Hair Product,Beauty,15.21,3,59.32,2024-12,Thursday
ORD_000221,CUST_0009,2025-06-20,Plant,Home & Garden,497.61,1,497.61,2025-06,Friday
ORD_000222,CUST_0178,2024-12-03,T-Shirt,Clothing,47.7,2,124.02,2024-12,Tuesday
ORD_000223,CUST_0089,2023-11-29,Tablet,Electronics,954.11,1,1240.34,2023-11,Wednesday
ORD_000224,CUST_0323,2025-04-09,Plant,Home & Garden,254.04,1,254.04,2025-04,Wednesday
ORD_000225,CUST_0170,2024-06-28,Laptop,Electronics,916.11,1,916.11,2024-06,Friday
ORD_000226,CUST_0038,2023-12-03,Curtains,Home & Garden,52.93,1,68.81,2023-12,Sunday
ORD_000227,CUST_0316,2023-09-07,Running Shoes,Sports,36.7,2,73.4,2023-09,Thursday
ORD_000228,CUST_0301,2023-09-10,Hair Product,Beauty,91.59,1,91.59,2023-09,Sunday
ORD_000229,CUST_0040,2023-09-10,Curtains,Home & Garden,155.5,2,311.0,2023-09,Sunday
ORD_000230,CUST_0168,2023-12-26,Fiction Novel,Books,16.29,1,21.18,2023-12,Tuesday
ORD_000231,CUST_0045,2024-07-29,Camera,Electronics,1084.18,1,1084.18,2024-07,Monday
ORD_000232,CUST_0188,2024-09-26,Yoga Mat,Sports,288.97,1,288.97,2024-09,Thursday
ORD_000233,CUST_0023,2023-09-01,Jeans,Clothing,167.59,1,167.59,2023-09,Friday
ORD_000234,CUST_0082,2025-02-02,Cookbook,Books,43.29,1,43.29,2025-02,Sunday
ORD_000235,CUST_0224,2024-05-22,Yoga Mat,Sports,294.64,1,294.64,2024-05,Wednesday
ORD_000236,CUST_0188,2024-03-11,Yoga Mat,Sports,51.61,1,51.61,2024-03,Monday
ORD_000237,CUST_0074,2024-10-29,Smartphone,Electronics,644.43,1,644.43,2024-10,Tuesday
ORD_000238,CUST_0037,2024-03-10,Running Shoes,Sports,64.52,2,129.04,2024-03,Sunday
ORD_000239,CUST_0219,2024-06-20,Tablet,Electronics,287.56,1,287.56,2024-06,Thursday
ORD_000240,CUST_0022,2025-07-06,Dress,Clothing,173.43,3,520.29,2025-07,Sunday
ORD_000241,CUST_0285,2025-06-18,Textbook,Books,35.9,1,35.9,2025-06,Wednesday
ORD_000242,CUST_0007,2024-11-03,Yoga Mat,Sports,249.13,1,323.87,2024-11,Sunday
ORD_000243,CUST_0058,2024-11-02,Jeans,Clothing,69.25,3,270.08,2024-11,Saturday
ORD_000244,CUST_0039,2023-11-08,Weights,Sports,100.04,2,260.1,2023-11,Wednesday
ORD_000245,CUST_0084,2025-06-18,Perfume,Beauty,34.59,3,103.77,2025-06,Wednesday
ORD_000246,CUST_0092,2024-10-14,Weights,Sports,274.21,2,548.42,2024-10,Monday
ORD_000247,CUST_0262,2023-10-24,Chair,Home & Garden,237.88,1,237.88,2023-10,Tuesday
ORD_000248,CUST_0015,2025-02-21,Shoes,Clothing,56.06,2,112.12,2025-02,Friday
ORD_000249,CUST_0274,2025-01-06,Biography,Books,48.73,1,48.73,2025-01,Monday
ORD_000250,CUST_0093,2025-05-19,Yoga Mat,Sports,255.76,2,511.52,2025-05,Monday
ORD_000251,CUST_0181,2024-08-22,Cookbook,Books,34.67,2,69.34,2024-08,Thursday
ORD_000252,CUST_0222,2024-01-01,Lipstick,Beauty,64.66,1,64.66,2024-01,Monday
ORD_000253,CUST_0166,2025-01-03,Tablet,Electronics,283.47,1,283.47,2025-01,Friday
ORD_000254,CUST_0072,2023-11-26,Curtains,Home & Garden,100.3,1,130.39,2023-11,Sunday
ORD_000255,CUST_0095,2024-06-16,Perfume,Beauty,72.55,2,145.1,2024-06,Sunday
ORD_000256,CUST_0267,2023-11-11,Perfume,Beauty,19.44,1,25.27,2023-11,Saturday
ORD_000257,CUST_0160,2023-09-16,Skincare Set,Beauty,73.22,1,73.22,2023-09,Saturday
ORD_000258,CUST_0002,2024-03-30,Laptop,Electronics,1347.29,1,1347.29,2024-03,Saturday
ORD_000259,CUST_0116,2025-03-12,Jeans,Clothing,195.94,1,195.94,2025-03,Wednesday
ORD_000260,CUST_0143,2023-12-01,Jeans,Clothing,50.15,1,65.2,2023-12,Friday
ORD_000261,CUST_0123,2024-06-13,Lipstick,Beauty,94.26,1,94.26,2024-06,Thursday
ORD_000262,CUST_0041,2024-09-20,Jacket,Clothing,176.77,2,353.54,2024-09,Friday
ORD_000263,CUST_0084,2024-06-14,Perfume,Beauty,53.6,1,53.6,2024-06,Friday
ORD_000264,CUST_0314,2024-02-25,Foundation,Beauty,53.28,1,53.28,2024-02,Sunday
ORD_000265,CUST_0014,2025-07-01,Table,Home & Garden,58.37,1,58.37,2025-07,Tuesday
ORD_000266,CUST_0301,2025-01-19,Table,Home & Garden,184.64,1,184.64,2025-01,Sunday
ORD_000267,CUST_0221,2025-06-16,Yoga Mat,Sports,61.08,1,61.08,2025-06,Monday
ORD_000268,CUST_0150,2025-07-24,Basketball,Sports,155.58,1,155.58,2025-07,Thursday
ORD_000269,CUST_0093,2023-09-05,Lipstick,Beauty,85.64,1,85.64,2023-09,Tuesday
ORD_000270,CUST_0159,2025-07-26,Shoes,Clothing,172.32,1,172.32,2025-07,Saturday
ORD_000271,CUST_0020,2024-07-30,Cookbook,Books,44.68,1,44.68,2024-07,Tuesday
ORD_000272,CUST_0250,2024-09-24,Tennis Racket,Sports,153.7,2,307.4,2024-09,Tuesday
ORD_000273,CUST_0262,2024-09-22,Dress,Clothing,126.62,3,379.86,2024-09,Sunday
ORD_000274,CUST_0131,2024-04-25,Tennis Racket,Sports,194.99,2,389.98,2024-04,Thursday
ORD_000275,CUST_0100,2025-01-02,Foundation,Beauty,31.38,3,94.14,2025-01,Thursday
ORD_000276,CUST_0293,2024-08-10,Weights,Sports,139.59,1,139.59,2024-08,Saturday
ORD_000277,CUST_0111,2024-08-16,Lipstick,Beauty,69.64,1,69.64,2024-08,Friday
ORD_000278,CUST_0028,2023-12-24,Dress,Clothing,138.21,1,179.67,2023-12,Sunday
ORD_000279,CUST_0164,2024-09-28,Yoga Mat,Sports,266.86,1,266.86,2024-09,Saturday
ORD_000280,CUST_0093,2025-03-15,Jacket,Clothing,169.2,1,169.2,2025-03,Saturday
ORD_000281,CUST_0264,2024-05-03,Plant,Home & Garden,362.19,1,362.19,2024-05,Friday
ORD_000282,CUST_0121,2024-05-11,Curtains,Home & Garden,197.66,1,197.66,2024-05,Saturday
ORD_000283,CUST_0120,2024-06-01,Textbook,Books,44.57,1,44.57,2024-06,Saturday
ORD_000284,CUST_0130,2024-04-08,Camera,Electronics,1417.59,1,1417.59,2024-04,Monday
ORD_000285,CUST_0035,2023-11-28,Hair Product,Beauty,94.05,1,122.26,2023-11,Tuesday
ORD_000286,CUST_0206,2025-06-22,Cookbook,Books,25.9,1,25.9,2025-06,Sunday
ORD_000287,CUST_0299,2024-04-08,Foundation,Beauty,39.08,3,117.24,2024-04,Monday
ORD_000288,CUST_0223,2023-09-09,Table,Home & Garden,191.05,1,191.05,2023-09,Saturday
ORD_000289,CUST_0126,2023-12-30,Running Shoes,Sports,215.83,1,280.58,2023-12,Saturday
ORD_000290,CUST_0008,2024-08-10,Shoes,Clothing,36.9,1,36.9,2024-08,Saturday
ORD_000291,CUST_0005,2024-07-18,Foundation,Beauty,69.55,3,208.65,2024-07,Thursday
ORD_000292,CUST_0114,2024-10-01,T-Shirt,Clothing,169.56,2,339.12,2024-10,Tuesday
ORD_000293,CUST_0328,2025-03-11,Tablet,Electronics,1079.47,1,1079.47,2025-03,Tuesday
ORD_000294,CUST_0053,2025-05-16,Basketball,Sports,45.38,1,45.38,2025-05,Friday
ORD_000295,CUST_0063,2025-07-05,Laptop,Electronics,728.98,2,1457.96,2025-07,Saturday
ORD_000296,CUST_0245,2025-03-08,Basketball,Sports,46.1,1,46.1,2025-03,Saturday
ORD_000297,CUST_0132,2023-11-11,Perfume,Beauty,82.71,2,215.05,2023-11,Saturday
ORD_000298,CUST_0331,2024-05-06,Laptop,Electronics,626.9,1,626.9,2024-05,Monday
ORD_000299,CUST_0143,2025-07-12,Yoga Mat,Sports,125.74,1,125.74,2025-07,Saturday
ORD_000300,CUST_0224,2024-06-01,Headphones,Electronics,495.45,1,495.45,2024-06,Saturday
ORD_000301,CUST_0330,2025-04-14,T-Shirt,Clothing,88.36,2,176.72,2025-04,Monday
ORD_000302,CUST_0117,2024-10-24,Tennis Racket,Sports,46.04,1,46.04,2024-10,Thursday
ORD_000303,CUST_0293,2024-05-31,Textbook,Books,34.32,2,68.64,2024-05,Friday
ORD_000304,CUST_0302,2024-06-22,Jacket,Clothing,191.99,1,191.99,2024-06,Saturday
ORD_000305,CUST_0107,2024-09-11,Running Shoes,Sports,287.08,1,287.08,2024-09,Wednesday
ORD_000306,CUST_0271,2023-09-21,Magazine,Books,29.17,1,29.17,2023-09,Thursday
ORD_000307,CUST_0052,2024-06-30,Perfume,Beauty,93.66,1,93.66,2024-06,Sunday
ORD_000308,CUST_0144,2025-05-10,Jacket,Clothing,149.17,1,149.17,2025-05,Saturday
ORD_000309,CUST_0132,2025-03-12,T-Shirt,Clothing,114.05,1,114.05,2025-03,Wednesday
ORD_000310,CUST_0074,2023-11-17,Basketball,Sports,176.68,1,229.68,2023-11,Friday
ORD_000311,CUST_0084,2023-09-06,Fiction Novel,Books,24.94,1,24.94,2023-09,Wednesday
ORD_000312,CUST_0141,2025-02-10,Hair Product,Beauty,89.58,1,89.58,2025-02,Monday
ORD_000313,CUST_0271,2025-01-03,Jeans,Clothing,84.94,3,254.82,2025-01,Friday
ORD_000314,CUST_0208,2023-12-31,Smartphone,Electronics,532.34,1,692.04,2023-12,Sunday
ORD_000315,CUST_0019,2025-05-26,Textbook,Books,36.86,2,73.72,2025-05,Monday
ORD_000316,CUST_0242,2025-06-07,Basketball,Sports,225.01,2,450.02,2025-06,Saturday
ORD_000317,CUST_0149,2025-04-23,Camera,Electronics,1034.56,1,1034.56,2025-04,Wednesday
ORD_000318,CUST_0011,2024-01-08,T-Shirt,Clothing,90.36,1,90.36,2024-01,Monday
ORD_000319,CUST_0258,2024-04-11,Curtains,Home & Garden,347.65,1,347.65,2024-04,Thursday
ORD_000320,CUST_0167,2025-04-29,Laptop,Electronics,220.57,1,220.57,2025-04,Tuesday
ORD_000321,CUST_0019,2024-05-29,Cookbook,Books,23.49,3,70.47,2024-05,Wednesday
ORD_000322,CUST_0036,2025-04-13,Basketball,Sports,184.79,1,184.79,2025-04,Sunday
ORD_000323,CUST_0070,2024-07-19,Tablet,Electronics,775.13,2,1550.26,2024-07,Friday
ORD_000324,CUST_0027,2024-12-30,Tennis Racket,Sports,208.84,1,271.49,2024-12,Monday
ORD_000325,CUST_0259,2023-09-28,Foundation,Beauty,99.47,1,99.47,2023-09,Thursday
ORD_000326,CUST_0291,2024-02-26,Jacket,Clothing,30.83,1,30.83,2024-02,Monday
ORD_000327,CUST_0333,2025-01-30,Basketball,Sports,63.59,1,63.59,2025-01,Thursday
ORD_000328,CUST_0121,2025-06-01,Fiction Novel,Books,22.03,3,66.09,2025-06,Sunday
ORD_000329,CUST_0144,2024-12-28,Hair Product,Beauty,20.78,3,81.04,2024-12,Saturday
ORD_000330,CUST_0005,2025-04-22,Textbook,Books,19.75,1,19.75,2025-04,Tuesday
ORD_000331,CUST_0231,2023-10-24,Camera,Electronics,1273.89,2,2547.78,2023-10,Tuesday
ORD_000332,CUST_0142,2024-12-22,Fiction Novel,Books,19.09,1,24.82,2024-12,Sunday
ORD_000333,CUST_0258,2024-07-27,Chair,Home & Garden,290.29,1,290.29,2024-07,Saturday
ORD_000334,CUST_0190,2024-01-28,Jacket,Clothing,177.2,1,177.2,2024-01,Sunday
ORD_000335,CUST_0143,2024-09-10,Skincare Set,Beauty,86.63,1,86.63,2024-09,Tuesday
ORD_000336,CUST_0049,2024-03-27,Jeans,Clothing,133.03,1,133.03,2024-03,Wednesday
ORD_000337,CUST_0134,2025-06-01,Plant,Home & Garden,414.81,1,414.81,2025-06,Sunday
ORD_000338,CUST_0066,2025-06-06,Table,Home & Garden,135.1,3,405.3,2025-06,Friday
ORD_000339,CUST_0025,2024-04-23,T-Shirt,Clothing,106.28,1,106.28,2024-04,Tuesday
ORD_000340,CUST_0270,2023-11-04,Camera,Electronics,612.79,3,2389.88,2023-11,Saturday
ORD_000341,CUST_0141,2023-08-26,Tennis Racket,Sports,34.43,1,34.43,2023-08,Saturday
ORD_000342,CUST_0079,2025-01-19,Magazine,Books,31.98,3,95.94,2025-01,Sunday
ORD_000343,CUST_0092,2025-03-31,Running Shoes,Sports,140.26,1,140.26,2025-03,Monday
ORD_000344,CUST_0160,2024-08-25,Yoga Mat,Sports,191.58,1,191.58,2024-08,Sunday
ORD_000345,CUST_0287,2024-11-10,Curtains,Home & Garden,396.96,1,516.05,2024-11,Sunday
ORD_000346,CUST_0267,2025-05-04,Shoes,Clothing,131.51,1,131.51,2025-05,Sunday
ORD_000347,CUST_0099,2023-10-23,Basketball,Sports,238.07,1,238.07,2023-10,Monday
ORD_000348,CUST_0080,2024-04-20,Fiction Novel,Books,30.38,3,91.14,2024-04,Saturday
ORD_000349,CUST_0308,2023-11-10,Running Shoes,Sports,201.88,2,524.89,2023-11,Friday
ORD_000350,CUST_0063,2025-06-21,Running Shoes,Sports,130.37,1,130.37,2025-06,Saturday
ORD_000351,CUST_0007,2024-11-26,Plant,Home & Garden,256.37,1,333.28,2024-11,Tuesday
ORD_000352,CUST_0133,2025-03-21,Foundation,Beauty,22.04,1,22.04,2025-03,Friday
ORD_000353,CUST_0149,2025-03-14,Jeans,Clothing,54.15,1,54.15,2025-03,Friday
ORD_000354,CUST_0213,2023-08-14,Jeans,Clothing,133.27,1,133.27,2023-08,Monday
ORD_000355,CUST_0160,2024-01-21,Fiction Novel,Books,14.39,1,14.39,2024-01,Sunday
ORD_000356,CUST_0308,2025-07-04,Tennis Racket,Sports,51.25,2,102.5,2025-07,Friday
ORD_000357,CUST_0252,2025-04-16,Dress,Clothing,87.66,1,87.66,2025-04,Wednesday
ORD_000358,CUST_0042,2024-09-26,Tennis Racket,Sports,269.24,3,807.72,2024-09,Thursday
ORD_000359,CUST_0120,2023-08-18,Laptop,Electronics,1094.58,1,1094.58,2023-08,Friday
ORD_000360,CUST_0097,2023-08-30,Jeans,Clothing,26.92,3,80.76,2023-08,Wednesday
ORD_000361,CUST_0203,2024-05-11,Dress,Clothing,101.02,1,101.02,2024-05,Saturday
ORD_000362,CUST_0069,2024-01-21,Fiction Novel,Books,27.73,1,27.73,2024-01,Sunday
ORD_000363,CUST_0087,2024-02-17,Chair,Home & Garden,63.88,1,63.88,2024-02,Saturday
ORD_000364,CUST_0017,2025-05-26,Running Shoes,Sports,225.19,1,225.19,2025-05,Monday
ORD_000365,CUST_0228,2024-08-01,Plant,Home & Garden,394.09,1,394.09,2024-08,Thursday
ORD_000366,CUST_0051,2025-01-22,Table,Home & Garden,76.25,1,76.25,2025-01,Wednesday
ORD_000367,CUST_0008,2024-07-18,Jacket,Clothing,181.8,2,363.6,2024-07,Thursday
ORD_000368,CUST_0329,2024-07-26,Jeans,Clothing,21.88,1,21.88,2024-07,Friday
ORD_000369,CUST_0105,2025-03-13,Laptop,Electronics,889.39,1,889.39,2025-03,Thursday
ORD_000370,CUST_0266,2024-08-05,Running Shoes,Sports,98.45,3,295.35,2024-08,Monday
ORD_000371,CUST_0269,2024-08-09,Running Shoes,Sports,59.64,1,59.64,2024-08,Friday
ORD_000372,CUST_0183,2024-04-30,Laptop,Electronics,688.79,1,688.79,2024-04,Tuesday
ORD_000373,CUST_0278,2025-04-18,Textbook,Books,14.86,1,14.86,2025-04,Friday
ORD_000374,CUST_0113,2025-06-17,Yoga Mat,Sports,206.36,1,206.36,2025-06,Tuesday
ORD_000375,CUST_0268,2023-09-09,Smartphone,Electronics,1026.89,1,1026.89,2023-09,Saturday
ORD_000376,CUST_0302,2025-04-30,Skincare Set,Beauty,14.85,1,14.85,2025-04,Wednesday
ORD_000377,CUST_0235,2025-05-24,Tablet,Electronics,256.13,1,256.13,2025-05,Saturday
ORD_000378,CUST_0213,2025-01-23,Biography,Books,48.61,1,48.61,2025-01,Thursday
ORD_000379,CUST_0088,2024-09-11,Magazine,Books,26.54,2,53.08,2024-09,Wednesday
ORD_000380,CUST_0184,2024-07-19,Lamp,Home & Garden,101.24,1,101.24,2024-07,Friday
ORD_000381,CUST_0281,2023-11-17,Tennis Racket,Sports,174.04,2,452.5,2023-11,Friday
ORD_000382,CUST_0003,2024-04-18,Tablet,Electronics,328.93,1,328.93,2024-04,Thursday
ORD_000383,CUST_0010,2024-12-04,Yoga Mat,Sports,68.59,1,89.17,2024-12,Wednesday
ORD_000384,CUST_0086,2023-08-14,Jeans,Clothing,171.19,2,342.38,2023-08,Monday
ORD_000385,CUST_0121,2023-08-15,Shoes,Clothing,86.23,1,86.23,2023-08,Tuesday
ORD_000386,CUST_0312,2023-10-10,Curtains,Home & Garden,88.62,1,88.62,2023-10,Tuesday
ORD_000387,CUST_0020,2023-12-11,Dress,Clothing,44.81,1,58.25,2023-12,Monday
ORD_000388,CUST_0202,2024-09-09,Skincare Set,Beauty,26.32,1,26.32,2024-09,Monday
ORD_000389,CUST_0119,2024-04-30,Magazine,Books,35.69,1,35.69,2024-04,Tuesday
ORD_000390,CUST_0186,2024-07-02,Textbook,Books,12.11,1,12.11,2024-07,Tuesday
ORD_000391,CUST_0082,2025-06-01,Plant,Home & Garden,417.77,1,417.77,2025-06,Sunday
ORD_000392,CUST_0152,2024-02-28,Running Shoes,Sports,238.7,2,477.4,2024-02,Wednesday
ORD_000393,CUST_0019,2025-07-05,Running Shoes,Sports,49.88,2,99.76,2025-07,Saturday
ORD_000394,CUST_0146,2024-11-24,Fiction Novel,Books,33.93,2,88.22,2024-11,Sunday
ORD_000395,CUST_0301,2023-11-27,Laptop,Electronics,1028.82,1,1337.47,2023-11,Monday
ORD_000396,CUST_0198,2023-09-17,Skincare Set,Beauty,44.54,1,44.54,2023-09,Sunday
ORD_000397,CUST_0325,2024-09-04,Tablet,Electronics,670.91,1,670.91,2024-09,Wednesday
ORD_000398,CUST_0113,2025-04-11,Hair Product,Beauty,72.79,3,218.37,2025-04,Friday
ORD_000399,CUST_0245,2025-02-14,Table,Home & Garden,430.78,1,430.78,2025-02,Friday
ORD_000400,CUST_0320,2025-03-04,Running Shoes,Sports,243.75,1,243.75,2025-03,Tuesday
ORD_000401,CUST_0070,2024-04-18,Jacket,Clothing,28.97,3,86.91,2024-04,Thursday
ORD_000402,CUST_0280,2025-05-03,Tablet,Electronics,1195.17,1,1195.17,2025-05,Saturday
ORD_000403,CUST_0188,2024-07-30,Tablet,Electronics,1054.04,3,3162.12,2024-07,Tuesday
ORD_000404,CUST_0106,2024-09-12,Skincare Set,Beauty,34.81,1,34.81,2024-09,Thursday
ORD_000405,CUST_0120,2024-04-27,Jeans,Clothing,172.06,1,172.06,2024-04,Saturday
ORD_000406,CUST_0184,2024-03-16,Plant,Home & Garden,321.26,1,321.26,2024-03,Saturday
ORD_000407,CUST_0196,2025-01-15,T-Shirt,Clothing,158.93,1,158.93,2025-01,Wednesday
ORD_000408,CUST_0160,2024-09-03,Plant,Home & Garden,90.15,2,180.3,2024-09,Tuesday
ORD_000409,CUST_0154,2024-09-30,Fiction Novel,Books,29.78,3,89.34,2024-09,Monday
ORD_000410,CUST_0131,2025-03-04,Shoes,Clothing,121.76,1,121.76,2025-03,Tuesday
ORD_000411,CUST_0161,2024-08-19,Shoes,Clothing,60.56,1,60.56,2024-08,Monday
ORD_000412,CUST_0086,2024-06-23,Laptop,Electronics,1474.67,1,1474.67,2024-06,Sunday
ORD_000413,CUST_0043,2023-08-29,Laptop,Electronics,906.6,1,906.6,2023-08,Tuesday
ORD_000414,CUST_0098,2024-02-15,Smartphone,Electronics,415.51,3,1246.53,2024-02,Thursday
ORD_000415,CUST_0057,2023-11-21,Jeans,Clothing,103.21,1,134.17,2023-11,Tuesday
ORD_000416,CUST_0167,2025-04-29,Skincare Set,Beauty,15.6,1,15.6,2025-04,Tuesday
ORD_000417,CUST_0138,2025-02-22,Lamp,Home & Garden,399.55,1,399.55,2025-02,Saturday
ORD_000418,CUST_0277,2024-08-26,Cookbook,Books,23.21,2,46.42,2024-08,Monday
ORD_000419,CUST_0143,2024-03-02,Running Shoes,Sports,263.11,1,263.11,2024-03,Saturday
ORD_000420,CUST_0058,2025-06-11,Cookbook,Books,32.32,1,32.32,2025-06,Wednesday
ORD_000421,CUST_0044,2024-04-11,Smartphone,Electronics,847.16,1,847.16,2024-04,Thursday
ORD_000422,CUST_0279,2024-10-10,Headphones,Electronics,694.55,2,1389.1,2024-10,Thursday
ORD_000423,CUST_0267,2024-06-03,Cookbook,Books,13.76,1,13.76,2024-06,Monday
ORD_000424,CUST_0164,2024-05-24,Weights,Sports,104.02,1,104.02,2024-05,Friday
ORD_000425,CUST_0104,2024-03-26,Jeans,Clothing,100.57,1,100.57,2024-03,Tuesday
ORD_000426,CUST_0263,2024-08-21,Curtains,Home & Garden,455.89,1,455.89,2024-08,Wednesday
ORD_000427,CUST_0220,2023-09-10,Camera,Electronics,1152.43,2,2304.86,2023-09,Sunday
ORD_000428,CUST_0260,2025-04-05,Perfume,Beauty,89.42,2,178.84,2025-04,Saturday
ORD_000429,CUST_0129,2023-08-17,Weights,Sports,205.36,1,205.36,2023-08,Thursday
ORD_000430,CUST_0102,2024-04-17,Dress,Clothing,49.2,1,49.2,2024-04,Wednesday
ORD_000431,CUST_0131,2025-01-19,Tablet,Electronics,1135.16,2,2270.32,2025-01,Sunday
ORD_000432,CUST_0133,2024-08-17,Curtains,Home & Garden,188.32,1,188.32,2024-08,Saturday
ORD_000433,CUST_0134,2024-11-29,Plant,Home & Garden,177.74,1,231.06,2024-11,Friday
ORD_000434,CUST_0213,2024-07-30,Dress,Clothing,178.37,1,178.37,2024-07,Tuesday
ORD_000435,CUST_0156,2024-05-04,T-Shirt,Clothing,63.18,1,63.18,2024-05,Saturday
ORD_000436,CUST_0307,2023-09-11,Jeans,Clothing,130.48,1,130.48,2023-09,Monday
ORD_000437,CUST_0273,2025-05-24,Running Shoes,Sports,149.32,3,447.96,2025-05,Saturday
ORD_000438,CUST_0212,2024-05-16,Tennis Racket,Sports,107.65,1,107.65,2024-05,Thursday
ORD_000439,CUST_0047,2024-01-04,Lipstick,Beauty,68.98,3,206.94,2024-01,Thursday
ORD_000440,CUST_0191,2025-05-02,Plant,Home & Garden,437.2,1,437.2,2025-05,Friday
ORD_000441,CUST_0191,2023-12-22,Yoga Mat,Sports,232.5,1,302.25,2023-12,Friday
ORD_000442,CUST_0039,2025-05-16,Headphones,Electronics,276.82,2,553.64,2025-05,Friday
ORD_000443,CUST_0225,2023-11-24,Perfume,Beauty,10.02,1,13.03,2023-11,Friday
ORD_000444,CUST_0046,2024-07-20,Skincare Set,Beauty,44.35,1,44.35,2024-07,Saturday
ORD_000445,CUST_0030,2025-05-21,Perfume,Beauty,48.03,1,48.03,2025-05,Wednesday
ORD_000446,CUST_0154,2024-04-27,Lipstick,Beauty,36.3,3,108.9,2024-04,Saturday
ORD_000447,CUST_0275,2024-09-30,Tablet,Electronics,223.41,3,670.23,2024-09,Monday
ORD_000448,CUST_0073,2023-10-03,Plant,Home & Garden,419.82,1,419.82,2023-10,Tuesday
ORD_000449,CUST_0120,2024-09-02,Hair Product,Beauty,58.66,1,58.66,2024-09,Monday
ORD_000450,CUST_0265,2024-05-13,Tablet,Electronics,591.64,1,591.64,2024-05,Monday
ORD_000451,CUST_0222,2024-06-30,Tablet,Electronics,283.84,2,567.68,2024-06,Sunday
ORD_000452,CUST_0125,2024-12-27,Lipstick,Beauty,99.01,1,128.71,2024-12,Friday
ORD_000453,CUST_0062,2023-08-17,Tablet,Electronics,957.65,3,2872.95,2023-08,Thursday
ORD_000454,CUST_0255,2025-02-13,Weights,Sports,86.91,1,86.91,2025-02,Thursday
ORD_000455,CUST_0201,2025-06-15,Basketball,Sports,205.72,2,411.44,2025-06,Sunday
ORD_000456,CUST_0065,2025-07-29,Running Shoes,Sports,274.54,1,274.54,2025-07,Tuesday
ORD_000457,CUST_0147,2025-01-09,Jacket,Clothing,99.81,1,99.81,2025-01,Thursday
ORD_000458,CUST_0276,2025-02-01,Camera,Electronics,1031.49,1,1031.49,2025-02,Saturday
ORD_000459,CUST_0028,2024-07-14,Textbook,Books,29.51,1,29.51,2024-07,Sunday
ORD_000460,CUST_0162,2024-02-11,Chair,Home & Garden,267.95,1,267.95,2024-02,Sunday
ORD_000461,CUST_0214,2024-04-19,Smartphone,Electronics,670.41,1,670.41,2024-04,Friday
ORD_000462,CUST_0283,2025-07-31,Plant,Home & Garden,250.73,1,250.73,2025-07,Thursday
ORD_000463,CUST_0241,2025-04-13,Lamp,Home & Garden,240.31,1,240.31,2025-04,Sunday
ORD_000464,CUST_0141,2025-06-20,Basketball,Sports,17.18,1,17.18,2025-06,Friday
ORD_000465,CUST_0090,2025-02-06,Weights,Sports,178.03,1,178.03,2025-02,Thursday
ORD_000466,CUST_0310,2024-07-29,Lipstick,Beauty,45.73,1,45.73,2024-07,Monday
ORD_000467,CUST_0017,2025-02-04,Yoga Mat,Sports,265.76,1,265.76,2025-02,Tuesday
ORD_000468,CUST_0192,2025-02-02,Lamp,Home & Garden,241.78,3,725.34,2025-02,Sunday
ORD_000469,CUST_0001,2025-02-08,Biography,Books,26.44,3,79.32,2025-02,Saturday
ORD_000470,CUST_0268,2023-11-18,Basketball,Sports,249.78,3,974.14,2023-11,Saturday
ORD_000471,CUST_0008,2024-04-07,Headphones,Electronics,202.73,2,405.46,2024-04,Sunday
ORD_000472,CUST_0215,2024-10-05,Tablet,Electronics,1092.57,1,1092.57,2024-10,Saturday
ORD_000473,CUST_0127,2025-06-04,Cookbook,Books,13.69,1,13.69,2025-06,Wednesday
ORD_000474,CUST_0113,2023-10-24,Tablet,Electronics,304.23,1,304.23,2023-10,Tuesday
ORD_000475,CUST_0202,2023-11-14,Dress,Clothing,126.86,1,164.92,2023-11,Tuesday
ORD_000476,CUST_0051,2024-02-27,Lipstick,Beauty,65.13,2,130.26,2024-02,Tuesday
ORD_000477,CUST_0155,2023-10-24,Tennis Racket,Sports,166.05,2,332.1,2023-10,Tuesday
ORD_000478,CUST_0296,2024-07-16,T-Shirt,Clothing,145.08,1,145.08,2024-07,Tuesday
ORD_000479,CUST_0321,2024-03-23,Tennis Racket,Sports,274.39,2,548.78,2024-03,Saturday
ORD_000480,CUST_0223,2023-12-06,Laptop,Electronics,287.6,1,373.88,2023-12,Wednesday
ORD_000481,CUST_0146,2023-11-16,Biography,Books,13.1,1,17.03,2023-11,Thursday
ORD_000482,CUST_0030,2025-04-26,Textbook,Books,41.94,2,83.88,2025-04,Saturday
ORD_000483,CUST_0172,2024-01-04,Headphones,Electronics,956.86,1,956.86,2024-01,Thursday
ORD_000484,CUST_0100,2023-11-27,Fiction Novel,Books,31.03,1,40.34,2023-11,Monday
ORD_000485,CUST_0007,2025-05-30,Magazine,Books,45.6,1,45.6,2025-05,Friday
ORD_000486,CUST_0275,2023-12-27,Tennis Racket,Sports,199.06,1,258.78,2023-12,Wednesday
ORD_000487,CUST_0126,2024-10-01,Chair,Home & Garden,77.59,2,155.18,2024-10,Tuesday
ORD_000488,CUST_0176,2024-08-27,Textbook,Books,32.39,1,32.39,2024-08,Tuesday
ORD_000489,CUST_0325,2025-04-17,Perfume,Beauty,57.87,1,57.87,2025-04,Thursday
ORD_000490,CUST_0155,2025-05-28,Perfume,Beauty,44.92,1,44.92,2025-05,Wednesday
ORD_000491,CUST_0315,2024-04-19,Weights,Sports,97.43,3,292.29,2024-04,Friday
ORD_000492,CUST_0037,2023-12-04,Jacket,Clothing,76.51,2,198.93,2023-12,Monday
ORD_000493,CUST_0274,2025-07-09,Fiction Novel,Books,49.36,1,49.36,2025-07,Wednesday
ORD_000494,CUST_0126,2024-10-05,Fiction Novel,Books,25.42,1,25.42,2024-10,Saturday
ORD_000495,CUST_0069,2023-10-08,Basketball,Sports,172.81,1,172.81,2023-10,Sunday
ORD_000496,CUST_0042,2024-08-14,Shoes,Clothing,55.03,1,55.03,2024-08,Wednesday
ORD_000497,CUST_0021,2024-08-18,Biography,Books,32.31,1,32.31,2024-08,Sunday
ORD_000498,CUST_0280,2025-03-27,Yoga Mat,Sports,57.9,2,115.8,2025-03,Thursday
ORD_000499,CUST_0273,2024-10-09,Plant,Home & Garden,171.23,1,171.23,2024-10,Wednesday
ORD_000500,CUST_0250,2025-05-26,Curtains,Home & Garden,373.48,1,373.48,2025-05,Monday
ORD_000501,CUST_0145,2024-12-30,Running Shoes,Sports,273.48,1,355.52,2024-12,Monday
ORD_000502,CUST_0117,2023-10-31,Dress,Clothing,83.62,1,83.62,2023-10,Tuesday
ORD_000503,CUST_0149,2024-04-03,Perfume,Beauty,59.44,1,59.44,2024-04,Wednesday
ORD_000504,CUST_0020,2024-02-01,Smartphone,Electronics,1427.25,1,1427.25,2024-02,Thursday
ORD_000505,CUST_0154,2023-12-26,Textbook,Books,40.18,1,52.23,2023-12,Tuesday
ORD_000506,CUST_0250,2025-06-26,Biography,Books,18.13,2,36.26,2025-06,Thursday
ORD_000507,CUST_0203,2024-09-03,Headphones,Electronics,950.46,2,1900.92,2024-09,Tuesday
ORD_000508,CUST_0092,2023-10-22,Plant,Home & Garden,409.1,1,409.1,2023-10,Sunday
ORD_000509,CUST_0329,2024-12-24,Magazine,Books,27.57,2,71.68,2024-12,Tuesday
ORD_000510,CUST_0063,2023-12-26,Perfume,Beauty,50.35,1,65.46,2023-12,Tuesday
ORD_000511,CUST_0189,2024-12-07,Shoes,Clothing,25.5,2,66.3,2024-12,Saturday
ORD_000512,CUST_0126,2024-06-16,Running Shoes,Sports,244.26,1,244.26,2024-06,Sunday
ORD_000513,CUST_0286,2025-06-27,Headphones,Electronics,1497.17,1,1497.17,2025-06,Friday
ORD_000514,CUST_0327,2023-11-22,Perfume,Beauty,76.41,2,198.67,2023-11,Wednesday
ORD_000515,CUST_0037,2023-08-02,Weights,Sports,249.25,2,498.5,2023-08,Wednesday
ORD_000516,CUST_0164,2024-04-14,Table,Home & Garden,79.07,1,79.07,2024-04,Sunday
ORD_000517,CUST_0260,2024-08-19,Perfume,Beauty,41.39,1,41.39,2024-08,Monday
ORD_000518,CUST_0173,2024-02-05,Shoes,Clothing,191.92,1,191.92,2024-02,Monday
ORD_000519,CUST_0066,2025-01-10,Smartphone,Electronics,1232.87,2,2465.74,2025-01,Friday
ORD_000520,CUST_0322,2024-02-05,Jeans,Clothing,92.52,1,92.52,2024-02,Monday
ORD_000521,CUST_0290,2024-12-21,Lamp,Home & Garden,40.35,1,52.46,2024-12,Saturday
ORD_000522,CUST_0233,2024-06-17,Hair Product,Beauty,13.03,1,13.03,2024-06,Monday
ORD_000523,CUST_0281,2024-06-09,Lipstick,Beauty,74.78,2,149.56,2024-06,Sunday
ORD_000524,CUST_0010,2023-10-14,Textbook,Books,35.48,1,35.48,2023-10,Saturday
ORD_000525,CUST_0053,2024-01-26,Skincare Set,Beauty,22.86,2,45.72,2024-01,Friday
ORD_000526,CUST_0012,2024-11-09,Foundation,Beauty,22.04,1,28.65,2024-11,Saturday
ORD_000527,CUST_0204,2023-10-15,Laptop,Electronics,200.18,1,200.18,2023-10,Sunday
ORD_000528,CUST_0274,2024-01-02,Lipstick,Beauty,15.64,2,31.28,2024-01,Tuesday
ORD_000529,CUST_0325,2024-08-25,Fiction Novel,Books,13.31,3,39.93,2024-08,Sunday
ORD_000530,CUST_0065,2025-04-25,Lamp,Home & Garden,295.54,2,591.08,2025-04,Friday
ORD_000531,CUST_0100,2024-10-26,Dress,Clothing,98.09,3,294.27,2024-10,Saturday
ORD_000532,CUST_0056,2025-04-16,Biography,Books,13.57,1,13.57,2025-04,Wednesday
ORD_000533,CUST_0316,2024-03-06,Chair,Home & Garden,360.81,1,360.81,2024-03,Wednesday
ORD_000534,CUST_0213,2023-08-24,Yoga Mat,Sports,204.92,3,614.76,2023-08,Thursday
ORD_000535,CUST_0273,2025-01-05,Fiction Novel,Books,21.92,1,21.92,2025-01,Sunday
ORD_000536,CUST_0140,2025-07-24,Tennis Racket,Sports,44.87,1,44.87,2025-07,Thursday
ORD_000537,CUST_0041,2025-01-22,Table,Home & Garden,328.18,2,656.36,2025-01,Wednesday
ORD_000538,CUST_0013,2024-10-29,Shoes,Clothing,167.99,2,335.98,2024-10,Tuesday
ORD_000539,CUST_0137,2025-01-10,Headphones,Electronics,1149.65,1,1149.65,2025-01,Friday
ORD_000540,CUST_0109,2023-11-09,Weights,Sports,99.16,1,128.91,2023-11,Thursday
ORD_000541,CUST_0292,2024-04-20,Dress,Clothing,76.81,1,76.81,2024-04,Saturday
ORD_000542,CUST_0028,2023-12-28,Lipstick,Beauty,90.12,1,117.16,2023-12,Thursday
ORD_000543,CUST_0013,2024-03-15,Laptop,Electronics,344.97,1,344.97,2024-03,Friday
ORD_000544,CUST_0303,2023-09-14,Tennis Racket,Sports,19.19,1,19.19,2023-09,Thursday
ORD_000545,CUST_0138,2024-09-02,Chair,Home & Garden,376.01,1,376.01,2024-09,Monday
ORD_000546,CUST_0024,2024-01-30,Yoga Mat,Sports,265.13,1,265.13,2024-01,Tuesday
ORD_000547,CUST_0321,2024-03-18,Textbook,Books,20.69,1,20.69,2024-03,Monday
ORD_000548,CUST_0186,2025-03-27,Biography,Books,33.01,1,33.01,2025-03,Thursday
ORD_000549,CUST_0222,2024-01-23,Smartphone,Electronics,436.26,1,436.26,2024-01,Tuesday
ORD_000550,CUST_0153,2024-12-14,Smartphone,Electronics,490.24,1,637.31,2024-12,Saturday
ORD_000551,CUST_0016,2023-08-13,Curtains,Home & Garden,333.84,3,1001.52,2023-08,Sunday
ORD_000552,CUST_0307,2025-04-15,Headphones,Electronics,1278.69,1,1278.69,2025-04,Tuesday
ORD_000553,CUST_0045,2024-12-17,Perfume,Beauty,37.26,1,48.44,2024-12,Tuesday
ORD_000554,CUST_0157,2024-12-02,Jeans,Clothing,107.13,2,278.54,2024-12,Monday
ORD_000555,CUST_0218,2024-11-14,Cookbook,Books,49.61,1,64.49,2024-11,Thursday
ORD_000556,CUST_0331,2025-03-31,Fiction Novel,Books,18.2,2,36.4,2025-03,Monday
ORD_000557,CUST_0026,2024-02-16,Smartphone,Electronics,609.69,1,609.69,2024-02,Friday
ORD_000558,CUST_0181,2024-11-04,Textbook,Books,35.71,2,92.85,2024-11,Monday
ORD_000559,CUST_0052,2025-06-18,Skincare Set,Beauty,58.49,1,58.49,2025-06,Wednesday
ORD_000560,CUST_0242,2025-06-17,T-Shirt,Clothing,187.51,1,187.51,2025-06,Tuesday
ORD_000561,CUST_0248,2024-07-27,Lipstick,Beauty,96.21,1,96.21,2024-07,Saturday
ORD_000562,CUST_0224,2023-08-16,Tennis Racket,Sports,208.69,1,208.69,2023-08,Wednesday
ORD_000563,CUST_0062,2024-05-21,Foundation,Beauty,59.22,1,59.22,2024-05,Tuesday
ORD_000564,CUST_0222,2024-03-11,Curtains,Home & Garden,256.23,2,512.46,2024-03,Monday
ORD_000565,CUST_0161,2025-04-12,Headphones,Electronics,1231.09,2,2462.18,2025-04,Saturday
ORD_000566,CUST_0070,2025-05-30,Tablet,Electronics,1436.86,3,4310.58,2025-05,Friday
ORD_000567,CUST_0090,2025-06-30,Lipstick,Beauty,29.72,1,29.72,2025-06,Monday
ORD_000568,CUST_0019,2024-05-01,Foundation,Beauty,98.31,1,98.31,2024-05,Wednesday
ORD_000569,CUST_0125,2025-02-22,T-Shirt,Clothing,192.82,1,192.82,2025-02,Saturday
ORD_000570,CUST_0247,2024-10-24,Tennis Racket,Sports,150.92,2,301.84,2024-10,Thursday
ORD_000571,CUST_0094,2024-12-08,Headphones,Electronics,1066.58,1,1386.55,2024-12,Sunday
ORD_000572,CUST_0242,2025-03-23,Hair Product,Beauty,54.9,1,54.9,2025-03,Sunday
ORD_000573,CUST_0036,2023-10-14,Running Shoes,Sports,278.97,1,278.97,2023-10,Saturday
ORD_000574,CUST_0216,2024-01-19,Jacket,Clothing,52.02,1,52.02,2024-01,Friday
ORD_000575,CUST_0278,2025-03-26,Yoga Mat,Sports,23.31,1,23.31,2025-03,Wednesday
ORD_000576,CUST_0173,2025-05-15,Jacket,Clothing,72.0,1,72.0,2025-05,Thursday
ORD_000577,CUST_0034,2025-05-29,Chair,Home & Garden,51.11,2,102.22,2025-05,Thursday
ORD_000578,CUST_0117,2024-09-08,Perfume,Beauty,15.19,1,15.19,2024-09,Sunday
ORD_000579,CUST_0017,2025-07-19,Shoes,Clothing,65.18,1,65.18,2025-07,Saturday
ORD_000580,CUST_0082,2023-10-31,Fiction Novel,Books,19.62,1,19.62,2023-10,Tuesday
ORD_000581,CUST_0116,2024-09-08,Dress,Clothing,59.75,1,59.75,2024-09,Sunday
ORD_000582,CUST_0278,2024-02-10,Shoes,Clothing,60.48,1,60.48,2024-02,Saturday
ORD_000583,CUST_0139,2024-04-13,Curtains,Home & Garden,272.85,2,545.7,2024-04,Saturday
ORD_000584,CUST_0109,2024-09-07,Cookbook,Books,45.7,1,45.7,2024-09,Saturday
ORD_000585,CUST_0279,2023-12-11,Jacket,Clothing,109.56,1,142.43,2023-12,Monday
ORD_000586,CUST_0041,2024-03-09,Plant,Home & Garden,328.94,1,328.94,2024-03,Saturday
ORD_000587,CUST_0195,2024-04-28,Curtains,Home & Garden,371.57,2,743.14,2024-04,Sunday
ORD_000588,CUST_0004,2025-01-18,Table,Home & Garden,441.67,1,441.67,2025-01,Saturday
ORD_000589,CUST_0116,2024-04-05,Weights,Sports,126.67,1,126.67,2024-04,Friday
ORD_000590,CUST_0313,2025-06-12,Basketball,Sports,32.48,1,32.48,2025-06,Thursday
ORD_000591,CUST_0168,2025-05-12,Hair Product,Beauty,37.35,1,37.35,2025-05,Monday
ORD_000592,CUST_0303,2025-06-22,Textbook,Books,22.4,2,44.8,2025-06,Sunday
ORD_000593,CUST_0239,2024-09-24,Camera,Electronics,1186.79,1,1186.79,2024-09,Tuesday
ORD_000594,CUST_0190,2025-01-24,Basketball,Sports,87.05,1,87.05,2025-01,Friday
ORD_000595,CUST_0047,2024-02-02,Skincare Set,Beauty,98.64,2,197.28,2024-02,Friday
ORD_000596,CUST_0310,2024-03-01,Basketball,Sports,123.5,1,123.5,2024-03,Friday
ORD_000597,CUST_0032,2024-02-19,Table,Home & Garden,396.9,1,396.9,2024-02,Monday
ORD_000598,CUST_0010,2025-05-13,Lipstick,Beauty,42.55,3,127.65,2025-05,Tuesday
ORD_000599,CUST_0153,2023-11-20,Curtains,Home & Garden,293.24,2,762.42,2023-11,Monday
ORD_000600,CUST_0217,2024-02-08,Plant,Home & Garden,487.04,1,487.04,2024-02,Thursday
ORD_000601,CUST_0104,2024-02-11,Chair,Home & Garden,87.35,1,87.35,2024-02,Sunday
ORD_000602,CUST_0126,2024-12-22,Laptop,Electronics,240.12,1,312.16,2024-12,Sunday
ORD_000603,CUST_0141,2023-10-13,Skincare Set,Beauty,98.07,2,196.14,2023-10,Friday
ORD_000604,CUST_0049,2025-02-26,Magazine,Books,47.88,1,47.88,2025-02,Wednesday
ORD_000605,CUST_0271,2024-11-17,Textbook,Books,25.37,1,32.98,2024-11,Sunday
ORD_000606,CUST_0078,2024-09-23,T-Shirt,Clothing,194.65,1,194.65,2024-09,Monday
ORD_000607,CUST_0315,2025-07-29,Yoga Mat,Sports,216.27,1,216.27,2025-07,Tuesday
ORD_000608,CUST_0193,2024-01-16,Yoga Mat,Sports,152.45,1,152.45,2024-01,Tuesday
ORD_000609,CUST_0320,2024-03-28,Perfume,Beauty,95.72,1,95.72,2024-03,Thursday
ORD_000610,CUST_0089,2025-02-06,Textbook,Books,35.0,1,35.0,2025-02,Thursday
ORD_000611,CUST_0313,2023-08-23,Yoga Mat,Sports,257.44,3,772.32,2023-08,Wednesday
ORD_000612,CUST_0210,2024-01-27,Textbook,Books,17.48,1,17.48,2024-01,Saturday
ORD_000613,CUST_0331,2025-02-16,Yoga Mat,Sports,132.32,3,396.96,2025-02,Sunday
ORD_000614,CUST_0057,2024-12-30,Magazine,Books,12.73,2,33.1,2024-12,Monday
ORD_000615,CUST_0050,2024-06-14,Headphones,Electronics,1080.8,1,1080.8,2024-06,Friday
ORD_000616,CUST_0167,2025-02-10,Fiction Novel,Books,35.67,1,35.67,2025-02,Monday
ORD_000617,CUST_0215,2025-03-14,Perfume,Beauty,80.67,1,80.67,2025-03,Friday
ORD_000618,CUST_0029,2024-09-08,Jeans,Clothing,184.65,1,184.65,2024-09,Sunday
ORD_000619,CUST_0157,2025-02-25,T-Shirt,Clothing,38.56,1,38.56,2025-02,Tuesday
ORD_000620,CUST_0318,2024-09-16,Camera,Electronics,446.76,1,446.76,2024-09,Monday
ORD_000621,CUST_0204,2025-06-20,Lamp,Home & Garden,126.51,1,126.51,2025-06,Friday
ORD_000622,CUST_0002,2024-02-25,Cookbook,Books,37.59,1,37.59,2024-02,Sunday
ORD_000623,CUST_0295,2024-10-13,Curtains,Home & Garden,465.0,1,465.0,2024-10,Sunday
ORD_000624,CUST_0148,2025-02-04,Biography,Books,34.95,1,34.95,2025-02,Tuesday
ORD_000625,CUST_0309,2024-09-18,Dress,Clothing,87.19,1,87.19,2024-09,Wednesday
ORD_000626,CUST_0048,2023-10-13,Lipstick,Beauty,57.32,1,57.32,2023-10,Friday
ORD_000627,CUST_0065,2024-04-15,Table,Home & Garden,241.07,1,241.07,2024-04,Monday
ORD_000628,CUST_0150,2024-06-11,Curtains,Home & Garden,125.24,1,125.24,2024-06,Tuesday
ORD_000629,CUST_0025,2025-04-02,Running Shoes,Sports,193.83,1,193.83,2025-04,Wednesday
ORD_000630,CUST_0305,2023-08-08,Tablet,Electronics,1421.55,1,1421.55,2023-08,Tuesday
ORD_000631,CUST_0237,2023-10-13,Foundation,Beauty,76.55,1,76.55,2023-10,Friday
ORD_000632,CUST_0145,2024-01-14,Jeans,Clothing,153.71,1,153.71,2024-01,Sunday
ORD_000633,CUST_0127,2024-12-20,Tablet,Electronics,1319.72,2,3431.27,2024-12,Friday
ORD_000634,CUST_0073,2024-08-14,Table,Home & Garden,498.24,1,498.24,2024-08,Wednesday
ORD_000635,CUST_0041,2023-09-13,Jeans,Clothing,148.53,1,148.53,2023-09,Wednesday
ORD_000636,CUST_0245,2024-08-04,Fiction Novel,Books,18.58,1,18.58,2024-08,Sunday
ORD_000637,CUST_0203,2024-05-23,Tennis Racket,Sports,223.83,1,223.83,2024-05,Thursday
ORD_000638,CUST_0016,2024-06-27,Jeans,Clothing,179.29,1,179.29,2024-06,Thursday
ORD_000639,CUST_0319,2024-01-12,Yoga Mat,Sports,190.78,2,381.56,2024-01,Friday
ORD_000640,CUST_0238,2025-03-26,Table,Home & Garden,230.92,1,230.92,2025-03,Wednesday
ORD_000641,CUST_0295,2025-04-11,Tablet,Electronics,678.98,2,1357.96,2025-04,Friday
ORD_000642,CUST_0056,2025-05-11,Curtains,Home & Garden,223.33,2,446.66,2025-05,Sunday
ORD_000643,CUST_0188,2023-12-02,Foundation,Beauty,54.95,1,71.44,2023-12,Saturday
ORD_000644,CUST_0037,2025-04-11,Cookbook,Books,42.99,1,42.99,2025-04,Friday
ORD_000645,CUST_0186,2023-12-18,Camera,Electronics,591.36,1,768.77,2023-12,Monday
ORD_000646,CUST_0310,2025-02-24,Textbook,Books,14.22,2,28.44,2025-02,Monday
ORD_000647,CUST_0102,2023-11-30,Hair Product,Beauty,24.44,1,31.77,2023-11,Thursday
ORD_000648,CUST_0021,2025-07-15,Dress,Clothing,166.54,1,166.54,2025-07,Tuesday
ORD_000649,CUST_0129,2023-10-09,Textbook,Books,20.0,1,20.0,2023-10,Monday
ORD_000650,CUST_0153,2025-01-17,Weights,Sports,115.83,2,231.66,2025-01,Friday
ORD_000651,CUST_0237,2024-01-01,Hair Product,Beauty,39.41,1,39.41,2024-01,Monday
ORD_000652,CUST_0314,2024-07-28,Laptop,Electronics,333.34,1,333.34,2024-07,Sunday
ORD_000653,CUST_0035,2023-11-18,Lipstick,Beauty,87.29,1,113.48,2023-11,Saturday
ORD_000654,CUST_0076,2024-11-08,Chair,Home & Garden,36.23,1,47.1,2024-11,Friday
ORD_000655,CUST_0165,2024-03-27,Running Shoes,Sports,80.44,1,80.44,2024-03,Wednesday
ORD_000656,CUST_0247,2024-09-05,Tennis Racket,Sports,166.59,2,333.18,2024-09,Thursday
ORD_000657,CUST_0150,2025-03-29,Lipstick,Beauty,41.07,1,41.07,2025-03,Saturday
ORD_000658,CUST_0122,2024-09-20,Jacket,Clothing,124.79,1,124.79,2024-09,Friday
ORD_000659,CUST_0028,2024-03-22,Lamp,Home & Garden,187.77,2,375.54,2024-03,Friday
ORD_000660,CUST_0072,2025-05-26,Curtains,Home & Garden,224.93,2,449.86,2025-05,Monday
ORD_000661,CUST_0019,2024-11-24,Table,Home & Garden,223.58,2,581.31,2024-11,Sunday
ORD_000662,CUST_0141,2024-07-20,Lipstick,Beauty,66.83,1,66.83,2024-07,Saturday
ORD_000663,CUST_0048,2024-02-22,Camera,Electronics,352.37,1,352.37,2024-02,Thursday
ORD_000664,CUST_0282,2025-05-02,Camera,Electronics,709.42,2,1418.84,2025-05,Friday
ORD_000665,CUST_0314,2023-08-08,Camera,Electronics,1209.44,1,1209.44,2023-08,Tuesday
ORD_000666,CUST_0025,2024-01-19,Curtains,Home & Garden,221.82,2,443.64,2024-01,Friday
ORD_000667,CUST_0282,2024-09-20,Fiction Novel,Books,39.25,1,39.25,2024-09,Friday
ORD_000668,CUST_0086,2023-11-02,Headphones,Electronics,365.6,1,475.28,2023-11,Thursday
ORD_000669,CUST_0206,2024-02-16,Yoga Mat,Sports,248.87,1,248.87,2024-02,Friday
ORD_000670,CUST_0181,2023-12-18,Lipstick,Beauty,82.32,3,321.05,2023-12,Monday
ORD_000671,CUST_0194,2025-02-11,Skincare Set,Beauty,26.36,2,52.72,2025-02,Tuesday
ORD_000672,CUST_0220,2024-07-01,Fiction Novel,Books,49.27,1,49.27,2024-07,Monday
ORD_000673,CUST_0045,2024-06-29,Skincare Set,Beauty,99.75,1,99.75,2024-06,Saturday
ORD_000674,CUST_0003,2024-06-19,Perfume,Beauty,73.6,1,73.6,2024-06,Wednesday
ORD_000675,CUST_0331,2025-02-23,Dress,Clothing,187.27,1,187.27,2025-02,Sunday
ORD_000676,CUST_0256,2023-10-02,Laptop,Electronics,206.91,2,413.82,2023-10,Monday
ORD_000677,CUST_0207,2024-06-13,Tablet,Electronics,1196.47,1,1196.47,2024-06,Thursday
ORD_000678,CUST_0318,2024-08-03,Jacket,Clothing,45.26,1,45.26,2024-08,Saturday
ORD_000679,CUST_0044,2025-07-05,Yoga Mat,Sports,63.42,1,63.42,2025-07,Saturday
ORD_000680,CUST_0215,2024-03-08,Curtains,Home & Garden,337.44,2,674.88,2024-03,Friday
ORD_000681,CUST_0245,2024-11-28,Foundation,Beauty,37.62,1,48.91,2024-11,Thursday
ORD_000682,CUST_0054,2024-04-24,Chair,Home & Garden,143.51,1,143.51,2024-04,Wednesday
ORD_000683,CUST_0222,2025-03-29,Cookbook,Books,30.28,1,30.28,2025-03,Saturday
ORD_000684,CUST_0218,2025-03-16,Jeans,Clothing,88.9,2,177.8,2025-03,Sunday
ORD_000685,CUST_0318,2025-05-20,Laptop,Electronics,543.28,3,1629.84,2025-05,Tuesday
ORD_000686,CUST_0061,2024-03-10,Camera,Electronics,1273.69,1,1273.69,2024-03,Sunday
ORD_000687,CUST_0269,2025-04-14,Plant,Home & Garden,417.17,1,417.17,2025-04,Monday
ORD_000688,CUST_0207,2024-10-11,Textbook,Books,40.95,2,81.9,2024-10,Friday
ORD_000689,CUST_0028,2024-01-09,Camera,Electronics,537.45,1,537.45,2024-01,Tuesday
ORD_000690,CUST_0096,2024-09-09,Curtains,Home & Garden,326.12,2,652.24,2024-09,Monday
ORD_000691,CUST_0217,2025-06-19,Perfume,Beauty,56.28,2,112.56,2025-06,Thursday
ORD_000692,CUST_0104,2024-10-29,Tennis Racket,Sports,255.79,1,255.79,2024-10,Tuesday
ORD_000693,CUST_0256,2024-01-30,Perfume,Beauty,99.9,1,99.9,2024-01,Tuesday
ORD_000694,CUST_0061,2023-10-31,Dress,Clothing,199.57,1,199.57,2023-10,Tuesday
ORD_000695,CUST_0253,2025-05-17,Basketball,Sports,288.93,2,577.86,2025-05,Saturday
ORD_000696,CUST_0304,2024-12-12,Yoga Mat,Sports,19.49,1,25.34,2024-12,Thursday
ORD_000697,CUST_0183,2023-11-23,Table,Home & Garden,294.8,1,383.24,2023-11,Thursday
ORD_000698,CUST_0138,2023-12-04,Chair,Home & Garden,62.58,1,81.35,2023-12,Monday
ORD_000699,CUST_0171,2023-08-20,Jeans,Clothing,44.92,1,44.92,2023-08,Sunday
ORD_000700,CUST_0211,2023-09-18,Table,Home & Garden,190.7,1,190.7,2023-09,Monday
ORD_000701,CUST_0051,2024-06-11,Running Shoes,Sports,155.83,2,311.66,2024-06,Tuesday
ORD_000702,CUST_0166,2024-01-18,Headphones,Electronics,1433.96,2,2867.92,2024-01,Thursday
ORD_000703,CUST_0055,2024-01-03,Foundation,Beauty,19.91,3,59.73,2024-01,Wednesday
ORD_000704,CUST_0059,2025-05-07,Laptop,Electronics,290.74,1,290.74,2025-05,Wednesday
ORD_000705,CUST_0327,2023-10-04,Fiction Novel,Books,17.17,2,34.34,2023-10,Wednesday
ORD_000706,CUST_0242,2025-07-27,Camera,Electronics,1433.37,1,1433.37,2025-07,Sunday
ORD_000707,CUST_0112,2024-10-08,Headphones,Electronics,1109.53,2,2219.06,2024-10,Tuesday
ORD_000708,CUST_0020,2023-11-27,Perfume,Beauty,67.51,3,263.29,2023-11,Monday
ORD_000709,CUST_0322,2023-08-14,Basketball,Sports,93.95,3,281.85,2023-08,Monday
ORD_000710,CUST_0075,2025-01-20,Biography,Books,12.08,1,12.08,2025-01,Monday
ORD_000711,CUST_0209,2024-05-23,Textbook,Books,19.85,1,19.85,2024-05,Thursday
ORD_000712,CUST_0045,2025-01-01,Lamp,Home & Garden,376.59,1,376.59,2025-01,Wednesday
ORD_000713,CUST_0073,2024-12-24,Lamp,Home & Garden,44.11,2,114.69,2024-12,Tuesday
ORD_000714,CUST_0119,2024-03-11,Camera,Electronics,281.11,1,281.11,2024-03,Monday
ORD_000715,CUST_0119,2024-06-05,Fiction Novel,Books,36.77,2,73.54,2024-06,Wednesday
ORD_000716,CUST_0011,2024-12-07,Jeans,Clothing,94.92,1,123.4,2024-12,Saturday
ORD_000717,CUST_0050,2024-05-03,Foundation,Beauty,16.73,1,16.73,2024-05,Friday
ORD_000718,CUST_0293,2023-10-24,Lipstick,Beauty,97.1,1,97.1,2023-10,Tuesday
ORD_000719,CUST_0110,2023-09-26,Running Shoes,Sports,250.59,1,250.59,2023-09,Tuesday
ORD_000720,CUST_0125,2024-09-24,Running Shoes,Sports,74.99,2,149.98,2024-09,Tuesday
ORD_000721,CUST_0166,2024-03-11,Foundation,Beauty,84.64,2,169.28,2024-03,Monday
ORD_000722,CUST_0096,2024-05-29,Hair Product,Beauty,53.06,2,106.12,2024-05,Wednesday
ORD_000723,CUST_0238,2023-12-07,Plant,Home & Garden,158.61,1,206.19,2023-12,Thursday
ORD_000724,CUST_0065,2023-12-24,T-Shirt,Clothing,148.73,1,193.35,2023-12,Sunday
ORD_000725,CUST_0265,2024-03-14,Hair Product,Beauty,41.24,1,41.24,2024-03,Thursday
ORD_000726,CUST_0106,2024-09-03,Basketball,Sports,233.07,3,699.21,2024-09,Tuesday
ORD_000727,CUST_0219,2024-03-06,Tennis Racket,Sports,149.2,1,149.2,2024-03,Wednesday
ORD_000728,CUST_0038,2024-10-02,Plant,Home & Garden,199.86,2,399.72,2024-10,Wednesday
ORD_000729,CUST_0295,2023-08-19,Biography,Books,40.5,1,40.5,2023-08,Saturday
ORD_000730,CUST_0077,2024-03-17,Tablet,Electronics,836.51,1,836.51,2024-03,Sunday
ORD_000731,CUST_0039,2023-12-11,Camera,Electronics,1060.17,1,1378.22,2023-12,Monday
ORD_000732,CUST_0120,2024-09-26,Magazine,Books,21.15,1,21.15,2024-09,Thursday
ORD_000733,CUST_0246,2024-03-25,Shoes,Clothing,123.79,1,123.79,2024-03,Monday
ORD_000734,CUST_0006,2024-02-02,Perfume,Beauty,94.5,2,189.0,2024-02,Friday
ORD_000735,CUST_0177,2023-10-16,Curtains,Home & Garden,404.09,1,404.09,2023-10,Monday
ORD_000736,CUST_0127,2024-07-11,Camera,Electronics,1336.29,1,1336.29,2024-07,Thursday
ORD_000737,CUST_0013,2024-09-10,Tennis Racket,Sports,240.89,1,240.89,2024-09,Tuesday
ORD_000738,CUST_0273,2025-07-18,Jeans,Clothing,190.73,3,572.19,2025-07,Friday
ORD_000739,CUST_0264,2024-06-24,Table,Home & Garden,399.33,1,399.33,2024-06,Monday
ORD_000740,CUST_0156,2024-03-17,Camera,Electronics,400.84,1,400.84,2024-03,Sunday
ORD_000741,CUST_0286,2025-07-23,Tennis Racket,Sports,128.39,2,256.78,2025-07,Wednesday
ORD_000742,CUST_0094,2024-01-19,Basketball,Sports,160.52,1,160.52,2024-01,Friday
ORD_000743,CUST_0180,2024-02-18,Jacket,Clothing,110.23,1,110.23,2024-02,Sunday
ORD_000744,CUST_0313,2025-06-23,Fiction Novel,Books,43.57,1,43.57,2025-06,Monday
ORD_000745,CUST_0208,2023-11-07,Tablet,Electronics,1141.98,1,1484.57,2023-11,Tuesday
ORD_000746,CUST_0155,2023-10-12,Skincare Set,Beauty,44.18,2,88.36,2023-10,Thursday
ORD_000747,CUST_0139,2025-07-03,Chair,Home & Garden,129.07,1,129.07,2025-07,Thursday
ORD_000748,CUST_0056,2025-07-26,Foundation,Beauty,38.62,2,77.24,2025-07,Saturday
ORD_000749,CUST_0310,2024-12-12,Laptop,Electronics,504.75,1,656.18,2024-12,Thursday
ORD_000750,CUST_0115,2023-12-28,Dress,Clothing,134.68,1,175.08,2023-12,Thursday
ORD_000751,CUST_0147,2023-08-07,Skincare Set,Beauty,86.33,3,258.99,2023-08,Monday
ORD_000752,CUST_0244,2024-08-06,Cookbook,Books,46.52,1,46.52,2024-08,Tuesday
ORD_000753,CUST_0308,2024-04-26,T-Shirt,Clothing,147.12,1,147.12,2024-04,Friday
ORD_000754,CUST_0083,2024-12-07,Jacket,Clothing,81.19,1,105.55,2024-12,Saturday
ORD_000755,CUST_0304,2024-02-27,Tablet,Electronics,441.45,1,441.45,2024-02,Tuesday
ORD_000756,CUST_0137,2024-12-05,Magazine,Books,27.87,1,36.23,2024-12,Thursday
ORD_000757,CUST_0118,2024-04-07,T-Shirt,Clothing,155.21,2,310.42,2024-04,Sunday
ORD_000758,CUST_0211,2023-08-11,Curtains,Home & Garden,83.95,3,251.85,2023-08,Friday
ORD_000759,CUST_0271,2023-11-22,Plant,Home & Garden,436.53,1,567.49,2023-11,Wednesday
ORD_000760,CUST_0162,2025-06-18,Jacket,Clothing,156.34,1,156.34,2025-06,Wednesday
ORD_000761,CUST_0183,2025-06-19,Laptop,Electronics,1148.63,3,3445.89,2025-06,Thursday
ORD_000762,CUST_0116,2023-12-28,Hair Product,Beauty,76.14,1,98.98,2023-12,Thursday
ORD_000763,CUST_0253,2024-05-21,Jeans,Clothing,44.68,2,89.36,2024-05,Tuesday
ORD_000764,CUST_0277,2023-08-26,Smartphone,Electronics,910.7,3,2732.1,2023-08,Saturday
ORD_000765,CUST_0303,2023-11-21,Biography,Books,47.26,2,122.88,2023-11,Tuesday
ORD_000766,CUST_0151,2025-07-27,Table,Home & Garden,293.47,3,880.41,2025-07,Sunday
ORD_000767,CUST_0203,2025-07-13,Weights,Sports,43.14,1,43.14,2025-07,Sunday
ORD_000768,CUST_0056,2025-01-31,Curtains,Home & Garden,304.99,1,304.99,2025-01,Friday
ORD_000769,CUST_0240,2025-02-22,T-Shirt,Clothing,145.95,1,145.95,2025-02,Saturday
ORD_000770,CUST_0332,2023-11-17,Shoes,Clothing,122.24,1,158.91,2023-11,Friday
ORD_000771,CUST_0220,2024-10-19,T-Shirt,Clothing,25.72,2,51.44,2024-10,Saturday
ORD_000772,CUST_0162,2025-06-27,Fiction Novel,Books,37.68,1,37.68,2025-06,Friday
ORD_000773,CUST_0101,2025-02-03,Laptop,Electronics,379.25,1,379.25,2025-02,Monday
ORD_000774,CUST_0209,2024-09-30,Perfume,Beauty,41.57,1,41.57,2024-09,Monday
ORD_000775,CUST_0273,2025-06-18,Smartphone,Electronics,402.85,2,805.7,2025-06,Wednesday
ORD_000776,CUST_0078,2024-12-09,Yoga Mat,Sports,78.05,1,101.46,2024-12,Monday
ORD_000777,CUST_0143,2024-10-19,Hair Product,Beauty,44.61,1,44.61,2024-10,Saturday
ORD_000778,CUST_0163,2024-04-02,Magazine,Books,47.35,1,47.35,2024-04,Tuesday
ORD_000779,CUST_0026,2024-03-05,Tennis Racket,Sports,131.21,1,131.21,2024-03,Tuesday
ORD_000780,CUST_0242,2024-10-22,Jacket,Clothing,121.19,2,242.38,2024-10,Tuesday
ORD_000781,CUST_0044,2023-08-14,Lamp,Home & Garden,50.7,1,50.7,2023-08,Monday
ORD_000782,CUST_0100,2024-09-23,Table,Home & Garden,421.81,2,843.62,2024-09,Monday
ORD_000783,CUST_0145,2024-06-13,Table,Home & Garden,79.76,1,79.76,2024-06,Thursday
ORD_000784,CUST_0314,2023-12-20,Hair Product,Beauty,16.31,1,21.2,2023-12,Wednesday
ORD_000785,CUST_0208,2024-02-04,Textbook,Books,26.77,1,26.77,2024-02,Sunday
ORD_000786,CUST_0194,2024-03-25,Lamp,Home & Garden,153.3,1,153.3,2024-03,Monday
ORD_000787,CUST_0103,2025-03-06,Shoes,Clothing,133.37,1,133.37,2025-03,Thursday
ORD_000788,CUST_0230,2024-11-01,Jeans,Clothing,141.94,1,184.52,2024-11,Friday
ORD_000789,CUST_0098,2025-02-23,Curtains,Home & Garden,339.29,1,339.29,2025-02,Sunday
ORD_000790,CUST_0108,2025-04-26,Magazine,Books,46.6,1,46.6,2025-04,Saturday
ORD_000791,CUST_0271,2023-12-25,T-Shirt,Clothing,75.52,1,98.18,2023-12,Monday
ORD_000792,CUST_0323,2025-04-16,Dress,Clothing,148.31,1,148.31,2025-04,Wednesday
ORD_000793,CUST_0297,2024-10-26,Curtains,Home & Garden,432.88,2,865.76,2024-10,Saturday
ORD_000794,CUST_0022,2024-05-18,Tablet,Electronics,696.93,1,696.93,2024-05,Saturday
ORD_000795,CUST_0316,2024-12-28,Fiction Novel,Books,27.24,1,35.41,2024-12,Saturday
ORD_000796,CUST_0083,2025-07-15,Weights,Sports,102.56,1,102.56,2025-07,Tuesday
ORD_000797,CUST_0281,2023-08-31,Cookbook,Books,16.84,1,16.84,2023-08,Thursday
ORD_000798,CUST_0074,2023-08-26,Foundation,Beauty,17.57,1,17.57,2023-08,Saturday
ORD_000799,CUST_0127,2024-08-10,Laptop,Electronics,1060.23,1,1060.23,2024-08,Saturday
ORD_000800,CUST_0011,2023-11-08,Weights,Sports,285.25,1,370.82,2023-11,Wednesday
ORD_000801,CUST_0064,2025-07-22,Jacket,Clothing,26.47,3,79.41,2025-07,Tuesday
ORD_000802,CUST_0272,2024-06-27,Headphones,Electronics,710.76,1,710.76,2024-06,Thursday
ORD_000803,CUST_0262,2025-05-18,Tablet,Electronics,607.82,1,607.82,2025-05,Sunday
ORD_000804,CUST_0076,2024-05-25,Magazine,Books,32.65,1,32.65,2024-05,Saturday
ORD_000805,CUST_0315,2024-11-17,Lamp,Home & Garden,296.05,2,769.73,2024-11,Sunday
ORD_000806,CUST_0063,2025-07-04,Textbook,Books,26.42,1,26.42,2025-07,Friday
ORD_000807,CUST_0253,2023-10-03,Tablet,Electronics,1262.5,3,3787.5,2023-10,Tuesday
ORD_000808,CUST_0292,2025-07-21,Magazine,Books,35.06,1,35.06,2025-07,Monday
ORD_000809,CUST_0270,2025-05-25,Shoes,Clothing,176.71,2,353.42,2025-05,Sunday
ORD_000810,CUST_0228,2024-02-12,Skincare Set,Beauty,24.52,1,24.52,2024-02,Monday
ORD_000811,CUST_0165,2023-10-04,Plant,Home & Garden,287.28,2,574.56,2023-10,Wednesday
ORD_000812,CUST_0224,2024-01-12,Shoes,Clothing,168.92,1,168.92,2024-01,Friday
ORD_000813,CUST_0034,2024-11-14,Yoga Mat,Sports,197.83,1,257.18,2024-11,Thursday
ORD_000814,CUST_0180,2025-01-16,Textbook,Books,14.88,1,14.88,2025-01,Thursday
ORD_000815,CUST_0070,2025-02-01,Fiction Novel,Books,15.64,1,15.64,2025-02,Saturday
ORD_000816,CUST_0005,2023-09-20,Biography,Books,24.42,1,24.42,2023-09,Wednesday
ORD_000817,CUST_0290,2024-05-27,Tennis Racket,Sports,141.69,1,141.69,2024-05,Monday
ORD_000818,CUST_0147,2025-03-03,Dress,Clothing,124.01,2,248.02,2025-03,Monday
ORD_000819,CUST_0095,2024-07-05,Tennis Racket,Sports,138.79,1,138.79,2024-07,Friday
ORD_000820,CUST_0316,2024-02-11,Camera,Electronics,758.51,1,758.51,2024-02,Sunday
ORD_000821,CUST_0004,2024-07-07,Jeans,Clothing,65.65,1,65.65,2024-07,Sunday
ORD_000822,CUST_0321,2024-07-14,Magazine,Books,40.61,1,40.61,2024-07,Sunday
ORD_000823,CUST_0019,2023-11-17,Dress,Clothing,196.25,1,255.12,2023-11,Friday
ORD_000824,CUST_0195,2024-12-06,Biography,Books,37.06,1,48.18,2024-12,Friday
ORD_000825,CUST_0316,2025-05-18,Skincare Set,Beauty,34.83,2,69.66,2025-05,Sunday
ORD_000826,CUST_0266,2024-08-16,Cookbook,Books,19.33,1,19.33,2024-08,Friday
ORD_000827,CUST_0042,2024-07-27,Weights,Sports,187.71,2,375.42,2024-07,Saturday
ORD_000828,CUST_0283,2024-07-29,Smartphone,Electronics,438.49,1,438.49,2024-07,Monday
ORD_000829,CUST_0073,2023-08-13,Cookbook,Books,10.55,1,10.55,2023-08,Sunday
ORD_000830,CUST_0276,2025-06-19,Cookbook,Books,27.06,1,27.06,2025-06,Thursday
ORD_000831,CUST_0159,2024-09-12,Smartphone,Electronics,265.54,2,531.08,2024-09,Thursday
ORD_000832,CUST_0125,2024-01-04,Tennis Racket,Sports,170.81,2,341.62,2024-01,Thursday
ORD_000833,CUST_0162,2025-07-29,Jacket,Clothing,47.12,2,94.24,2025-07,Tuesday
ORD_000834,CUST_0022,2025-06-16,Hair Product,Beauty,91.02,2,182.04,2025-06,Monday
ORD_000835,CUST_0148,2024-01-12,Dress,Clothing,65.65,2,131.3,2024-01,Friday
ORD_000836,CUST_0187,2024-09-04,Running Shoes,Sports,107.86,1,107.86,2024-09,Wednesday
ORD_000837,CUST_0198,2025-07-19,Fiction Novel,Books,36.6,1,36.6,2025-07,Saturday
ORD_000838,CUST_0046,2025-07-12,Fiction Novel,Books,43.26,3,129.78,2025-07,Saturday
ORD_000839,CUST_0261,2025-04-02,Yoga Mat,Sports,129.58,2,259.16,2025-04,Wednesday
ORD_000840,CUST_0043,2024-02-23,Camera,Electronics,1125.78,1,1125.78,2024-02,Friday
ORD_000841,CUST_0110,2023-10-23,Hair Product,Beauty,96.19,1,96.19,2023-10,Monday
ORD_000842,CUST_0285,2024-02-18,Lipstick,Beauty,44.56,1,44.56,2024-02,Sunday
ORD_000843,CUST_0219,2024-12-21,Laptop,Electronics,609.39,1,792.21,2024-12,Saturday
ORD_000844,CUST_0054,2025-03-10,Curtains,Home & Garden,71.2,1,71.2,2025-03,Monday
ORD_000845,CUST_0046,2025-01-14,Chair,Home & Garden,180.41,1,180.41,2025-01,Tuesday
ORD_000846,CUST_0194,2023-12-08,Running Shoes,Sports,209.42,1,272.25,2023-12,Friday
ORD_000847,CUST_0131,2025-06-04,Biography,Books,36.66,1,36.66,2025-06,Wednesday
ORD_000848,CUST_0109,2024-02-29,Fiction Novel,Books,42.16,1,42.16,2024-02,Thursday
ORD_000849,CUST_0173,2023-11-11,Curtains,Home & Garden,346.64,2,901.26,2023-11,Saturday
ORD_000850,CUST_0052,2024-11-19,Weights,Sports,257.24,1,334.41,2024-11,Tuesday
ORD_000851,CUST_0298,2024-02-17,Dress,Clothing,106.13,1,106.13,2024-02,Saturday
ORD_000852,CUST_0020,2023-12-16,Lamp,Home & Garden,305.23,1,396.8,2023-12,Saturday
ORD_000853,CUST_0042,2025-05-28,Lamp,Home & Garden,49.54,1,49.54,2025-05,Wednesday
ORD_000854,CUST_0230,2024-10-22,Smartphone,Electronics,400.1,3,1200.3,2024-10,Tuesday
ORD_000855,CUST_0052,2024-06-24,Perfume,Beauty,91.7,3,275.1,2024-06,Monday
ORD_000856,CUST_0140,2025-05-28,Lamp,Home & Garden,458.33,1,458.33,2025-05,Wednesday
ORD_000857,CUST_0208,2025-03-23,Camera,Electronics,1196.49,2,2392.98,2025-03,Sunday
ORD_000858,CUST_0118,2023-11-25,Biography,Books,47.23,1,61.4,2023-11,Saturday
ORD_000859,CUST_0011,2025-04-26,Fiction Novel,Books,20.04,1,20.04,2025-04,Saturday
ORD_000860,CUST_0235,2025-01-22,Smartphone,Electronics,1260.5,1,1260.5,2025-01,Wednesday
ORD_000861,CUST_0270,2024-01-12,Perfume,Beauty,69.23,3,207.69,2024-01,Friday
ORD_000862,CUST_0238,2025-07-21,Skincare Set,Beauty,46.06,1,46.06,2025-07,Monday
ORD_000863,CUST_0106,2024-03-05,Curtains,Home & Garden,237.76,1,237.76,2024-03,Tuesday
ORD_000864,CUST_0320,2024-09-26,Smartphone,Electronics,1149.64,1,1149.64,2024-09,Thursday
ORD_000865,CUST_0330,2024-01-17,T-Shirt,Clothing,128.33,1,128.33,2024-01,Wednesday
ORD_000866,CUST_0001,2025-06-04,Magazine,Books,37.02,1,37.02,2025-06,Wednesday
ORD_000867,CUST_0218,2025-05-06,Fiction Novel,Books,11.68,1,11.68,2025-05,Tuesday
ORD_000868,CUST_0291,2024-02-06,Yoga Mat,Sports,99.21,1,99.21,2024-02,Tuesday
ORD_000869,CUST_0032,2024-05-10,Lipstick,Beauty,45.67,1,45.67,2024-05,Friday
ORD_000870,CUST_0047,2025-01-10,Lamp,Home & Garden,204.63,1,204.63,2025-01,Friday
ORD_000871,CUST_0304,2025-02-02,Foundation,Beauty,52.29,1,52.29,2025-02,Sunday
ORD_000872,CUST_0158,2025-01-24,Perfume,Beauty,81.23,3,243.69,2025-01,Friday
ORD_000873,CUST_0090,2025-01-12,Weights,Sports,50.44,2,100.88,2025-01,Sunday
ORD_000874,CUST_0090,2025-03-22,Running Shoes,Sports,26.48,1,26.48,2025-03,Saturday
ORD_000875,CUST_0095,2023-11-10,Hair Product,Beauty,10.94,2,28.44,2023-11,Friday
ORD_000876,CUST_0012,2024-03-17,Perfume,Beauty,40.77,2,81.54,2024-03,Sunday
ORD_000877,CUST_0161,2025-01-23,Curtains,Home & Garden,236.73,1,236.73,2025-01,Thursday
ORD_000878,CUST_0274,2024-01-20,Lamp,Home & Garden,245.89,2,491.78,2024-01,Saturday
ORD_000879,CUST_0095,2024-02-03,Dress,Clothing,168.74,1,168.74,2024-02,Saturday
ORD_000880,CUST_0093,2023-11-07,Foundation,Beauty,84.33,1,109.63,2023-11,Tuesday
ORD_000881,CUST_0185,2023-08-26,Yoga Mat,Sports,288.01,1,288.01,2023-08,Saturday
ORD_000882,CUST_0224,2024-09-16,Biography,Books,35.03,1,35.03,2024-09,Monday
ORD_000883,CUST_0150,2024-10-03,Weights,Sports,232.65,1,232.65,2024-10,Thursday
ORD_000884,CUST_0251,2024-06-26,Shoes,Clothing,22.22,1,22.22,2024-06,Wednesday
ORD_000885,CUST_0029,2024-07-14,Plant,Home & Garden,216.96,1,216.96,2024-07,Sunday
ORD_000886,CUST_0067,2023-12-26,Jacket,Clothing,105.4,1,137.02,2023-12,Tuesday
ORD_000887,CUST_0045,2024-10-25,Yoga Mat,Sports,265.24,1,265.24,2024-10,Friday
ORD_000888,CUST_0327,2024-06-29,Foundation,Beauty,26.67,1,26.67,2024-06,Saturday
ORD_000889,CUST_0001,2024-10-02,Dress,Clothing,126.06,1,126.06,2024-10,Wednesday
ORD_000890,CUST_0306,2024-08-04,Fiction Novel,Books,15.08,1,15.08,2024-08,Sunday
ORD_000891,CUST_0279,2024-08-03,Curtains,Home & Garden,476.02,1,476.02,2024-08,Saturday
ORD_000892,CUST_0043,2023-12-20,Skincare Set,Beauty,16.91,1,21.98,2023-12,Wednesday
ORD_000893,CUST_0092,2024-10-15,Lamp,Home & Garden,390.01,1,390.01,2024-10,Tuesday
ORD_000894,CUST_0220,2024-11-11,Tablet,Electronics,430.21,1,559.27,2024-11,Monday
ORD_000895,CUST_0006,2024-06-19,Hair Product,Beauty,31.32,1,31.32,2024-06,Wednesday
ORD_000896,CUST_0066,2023-11-27,Shoes,Clothing,105.52,3,411.53,2023-11,Monday
ORD_000897,CUST_0114,2024-12-08,Headphones,Electronics,1296.88,1,1685.94,2024-12,Sunday
ORD_000898,CUST_0238,2025-01-20,Hair Product,Beauty,30.22,1,30.22,2025-01,Monday
ORD_000899,CUST_0214,2025-02-14,Perfume,Beauty,40.08,2,80.16,2025-02,Friday
ORD_000900,CUST_0289,2025-06-30,Plant,Home & Garden,407.96,2,815.92,2025-06,Monday
ORD_000901,CUST_0037,2024-01-25,Dress,Clothing,45.2,1,45.2,2024-01,Thursday
ORD_000902,CUST_0294,2025-03-15,Running Shoes,Sports,299.01,1,299.01,2025-03,Saturday
ORD_000903,CUST_0173,2024-09-23,Skincare Set,Beauty,75.72,1,75.72,2024-09,Monday
ORD_000904,CUST_0065,2023-10-25,Perfume,Beauty,70.23,1,70.23,2023-10,Wednesday
ORD_000905,CUST_0158,2024-07-18,Yoga Mat,Sports,114.71,1,114.71,2024-07,Thursday
ORD_000906,CUST_0103,2024-06-09,Curtains,Home & Garden,135.56,1,135.56,2024-06,Sunday
ORD_000907,CUST_0168,2024-05-30,Table,Home & Garden,252.32,1,252.32,2024-05,Thursday
ORD_000908,CUST_0134,2024-07-13,Chair,Home & Garden,380.03,1,380.03,2024-07,Saturday
ORD_000909,CUST_0090,2025-01-15,Weights,Sports,140.55,1,140.55,2025-01,Wednesday
ORD_000910,CUST_0092,2025-04-21,Tablet,Electronics,867.82,1,867.82,2025-04,Monday
ORD_000911,CUST_0297,2024-12-11,Perfume,Beauty,35.71,2,92.85,2024-12,Wednesday
ORD_000912,CUST_0142,2023-10-15,Dress,Clothing,51.39,1,51.39,2023-10,Sunday
ORD_000913,CUST_0019,2025-05-26,T-Shirt,Clothing,85.1,1,85.1,2025-05,Monday
ORD_000914,CUST_0190,2023-09-05,Tablet,Electronics,558.2,1,558.2,2023-09,Tuesday
ORD_000915,CUST_0226,2023-12-05,Yoga Mat,Sports,245.39,1,319.01,2023-12,Tuesday
ORD_000916,CUST_0329,2024-01-30,Smartphone,Electronics,435.02,1,435.02,2024-01,Tuesday
ORD_000917,CUST_0034,2024-10-13,Camera,Electronics,972.26,1,972.26,2024-10,Sunday
ORD_000918,CUST_0048,2023-10-10,Table,Home & Garden,393.16,2,786.32,2023-10,Tuesday
ORD_000919,CUST_0088,2024-05-01,Magazine,Books,42.47,1,42.47,2024-05,Wednesday
ORD_000920,CUST_0168,2024-02-08,Camera,Electronics,1238.25,3,3714.75,2024-02,Thursday
ORD_000921,CUST_0143,2024-04-29,Chair,Home & Garden,446.5,1,446.5,2024-04,Monday
ORD_000922,CUST_0146,2023-10-19,Shoes,Clothing,187.71,3,563.13,2023-10,Thursday
ORD_000923,CUST_0189,2024-06-26,Headphones,Electronics,263.99,1,263.99,2024-06,Wednesday
ORD_000924,CUST_0117,2025-01-03,Lamp,Home & Garden,454.52,1,454.52,2025-01,Friday
ORD_000925,CUST_0141,2024-01-12,Magazine,Books,19.56,2,39.12,2024-01,Friday
ORD_000926,CUST_0199,2024-06-04,Jacket,Clothing,57.74,3,173.22,2024-06,Tuesday
ORD_000927,CUST_0151,2024-11-30,Tennis Racket,Sports,237.84,2,618.38,2024-11,Saturday
ORD_000928,CUST_0287,2023-10-29,Jacket,Clothing,90.84,1,90.84,2023-10,Sunday
ORD_000929,CUST_0153,2023-12-09,Tennis Racket,Sports,178.89,1,232.56,2023-12,Saturday
ORD_000930,CUST_0195,2025-03-05,Dress,Clothing,96.94,1,96.94,2025-03,Wednesday
ORD_000931,CUST_0325,2024-02-09,Lamp,Home & Garden,33.2,1,33.2,2024-02,Friday
ORD_000932,CUST_0144,2024-06-14,Tablet,Electronics,1233.58,1,1233.58,2024-06,Friday
ORD_000933,CUST_0183,2025-01-29,Lipstick,Beauty,69.19,1,69.19,2025-01,Wednesday
ORD_000934,CUST_0305,2025-01-24,Headphones,Electronics,523.1,1,523.1,2025-01,Friday
ORD_000935,CUST_0083,2024-12-13,T-Shirt,Clothing,74.44,2,193.54,2024-12,Friday
ORD_000936,CUST_0010,2024-01-03,Jacket,Clothing,46.41,1,46.41,2024-01,Wednesday
ORD_000937,CUST_0134,2024-03-03,Basketball,Sports,30.33,1,30.33,2024-03,Sunday
ORD_000938,CUST_0026,2024-06-27,Table,Home & Garden,59.93,1,59.93,2024-06,Thursday
ORD_000939,CUST_0078,2024-02-06,Table,Home & Garden,69.6,1,69.6,2024-02,Tuesday
ORD_000940,CUST_0315,2024-03-10,Plant,Home & Garden,166.04,2,332.08,2024-03,Sunday
ORD_000941,CUST_0109,2024-06-23,Camera,Electronics,1164.57,1,1164.57,2024-06,Sunday
ORD_000942,CUST_0035,2025-07-09,Lamp,Home & Garden,109.36,1,109.36,2025-07,Wednesday
ORD_000943,CUST_0001,2024-05-10,Plant,Home & Garden,121.43,2,242.86,2024-05,Friday
ORD_000944,CUST_0178,2024-05-25,Magazine,Books,30.44,1,30.44,2024-05,Saturday
ORD_000945,CUST_0048,2024-10-06,Plant,Home & Garden,468.92,1,468.92,2024-10,Sunday
ORD_000946,CUST_0253,2024-04-27,Basketball,Sports,101.71,1,101.71,2024-04,Saturday
ORD_000947,CUST_0206,2023-09-20,Dress,Clothing,142.25,1,142.25,2023-09,Wednesday
ORD_000948,CUST_0190,2025-03-14,Basketball,Sports,52.7,3,158.1,2025-03,Friday
ORD_000949,CUST_0256,2025-07-02,Skincare Set,Beauty,58.98,3,176.94,2025-07,Wednesday
ORD_000950,CUST_0079,2024-10-20,Fiction Novel,Books,16.86,1,16.86,2024-10,Sunday
ORD_000951,CUST_0192,2024-11-20,Basketball,Sports,54.44,3,212.32,2024-11,Wednesday
ORD_000952,CUST_0209,2024-06-06,Basketball,Sports,184.68,1,184.68,2024-06,Thursday
ORD_000953,CUST_0245,2025-03-20,Perfume,Beauty,90.56,2,181.12,2025-03,Thursday
ORD_000954,CUST_0113,2023-12-07,Chair,Home & Garden,160.13,1,208.17,2023-12,Thursday
ORD_000955,CUST_0085,2023-12-11,T-Shirt,Clothing,199.23,1,259.0,2023-12,Monday
ORD_000956,CUST_0016,2025-05-22,Chair,Home & Garden,298.26,1,298.26,2025-05,Thursday
ORD_000957,CUST_0185,2024-09-30,T-Shirt,Clothing,119.69,1,119.69,2024-09,Monday
ORD_000958,CUST_0278,2025-07-27,Shoes,Clothing,41.67,1,41.67,2025-07,Sunday
ORD_000959,CUST_0327,2025-01-12,Laptop,Electronics,1117.23,1,1117.23,2025-01,Sunday
ORD_000960,CUST_0082,2023-12-04,Lamp,Home & Garden,379.69,2,987.19,2023-12,Monday
ORD_000961,CUST_0105,2023-11-15,Textbook,Books,49.77,1,64.7,2023-11,Wednesday
ORD_000962,CUST_0056,2025-03-22,Camera,Electronics,305.51,1,305.51,2025-03,Saturday
ORD_000963,CUST_0229,2023-11-22,Curtains,Home & Garden,269.18,2,699.87,2023-11,Wednesday
ORD_000964,CUST_0286,2024-01-30,Jeans,Clothing,102.93,3,308.79,2024-01,Tuesday
ORD_000965,CUST_0146,2024-04-05,Jeans,Clothing,116.91,3,350.73,2024-04,Friday
ORD_000966,CUST_0285,2023-09-22,Tennis Racket,Sports,113.49,1,113.49,2023-09,Friday
ORD_000967,CUST_0184,2024-05-25,Plant,Home & Garden,418.94,1,418.94,2024-05,Saturday
ORD_000968,CUST_0182,2023-10-05,Laptop,Electronics,503.64,1,503.64,2023-10,Thursday
ORD_000969,CUST_0319,2023-10-23,Tablet,Electronics,742.61,1,742.61,2023-10,Monday
ORD_000970,CUST_0212,2025-01-16,Hair Product,Beauty,76.37,1,76.37,2025-01,Thursday
ORD_000971,CUST_0158,2025-01-25,Jeans,Clothing,73.65,1,73.65,2025-01,Saturday
ORD_000972,CUST_0110,2024-02-24,Perfume,Beauty,67.14,1,67.14,2024-02,Saturday
ORD_000973,CUST_0291,2024-11-25,Shoes,Clothing,27.69,2,71.99,2024-11,Monday
ORD_000974,CUST_0321,2025-07-11,Chair,Home & Garden,146.07,2,292.14,2025-07,Friday
ORD_000975,CUST_0061,2024-12-05,Foundation,Beauty,56.06,2,145.76,2024-12,Thursday
ORD_000976,CUST_0192,2025-03-09,Chair,Home & Garden,415.22,2,830.44,2025-03,Sunday
ORD_000977,CUST_0327,2025-06-24,Cookbook,Books,25.08,1,25.08,2025-06,Tuesday
ORD_000978,CUST_0016,2025-03-13,Table,Home & Garden,108.76,1,108.76,2025-03,Thursday
ORD_000979,CUST_0140,2024-11-28,Lipstick,Beauty,68.1,1,88.53,2024-11,Thursday
ORD_000980,CUST_0058,2024-12-14,Perfume,Beauty,43.96,1,57.15,2024-12,Saturday
ORD_000981,CUST_0023,2024-05-06,Shoes,Clothing,192.02,3,576.06,2024-05,Monday
ORD_000982,CUST_0036,2023-11-06,Yoga Mat,Sports,285.12,1,370.66,2023-11,Monday
ORD_000983,CUST_0097,2025-02-18,Hair Product,Beauty,40.83,1,40.83,2025-02,Tuesday
ORD_000984,CUST_0034,2024-09-17,Laptop,Electronics,890.44,2,1780.88,2024-09,Tuesday
ORD_000985,CUST_0032,2024-06-10,Dress,Clothing,32.43,1,32.43,2024-06,Monday
ORD_000986,CUST_0180,2024-04-27,Foundation,Beauty,23.37,1,23.37,2024-04,Saturday
ORD_000987,CUST_0209,2023-12-05,Smartphone,Electronics,1458.07,1,1895.49,2023-12,Tuesday
ORD_000988,CUST_0056,2025-07-17,Headphones,Electronics,1126.47,1,1126.47,2025-07,Thursday
ORD_000989,CUST_0130,2024-02-04,Cookbook,Books,45.35,1,45.35,2024-02,Sunday
ORD_000990,CUST_0278,2024-03-03,T-Shirt,Clothing,173.66,2,347.32,2024-03,Sunday
ORD_000991,CUST_0117,2024-01-24,Lipstick,Beauty,17.25,1,17.25,2024-01,Wednesday
ORD_000992,CUST_0097,2023-11-29,Camera,Electronics,1303.6,1,1694.68,2023-11,Wednesday
ORD_000993,CUST_0137,2024-06-14,Fiction Novel,Books,14.46,1,14.46,2024-06,Friday
ORD_000994,CUST_0168,2023-11-03,Dress,Clothing,63.24,1,82.21,2023-11,Friday
ORD_000995,CUST_0074,2023-12-31,Basketball,Sports,70.71,1,91.92,2023-12,Sunday
ORD_000996,CUST_0045,2023-11-10,T-Shirt,Clothing,86.97,2,226.12,2023-11,Friday
ORD_000997,CUST_0047,2023-12-11,Plant,Home & Garden,53.31,1,69.3,2023-12,Monday
ORD_000998,CUST_0019,2024-04-04,Jacket,Clothing,107.73,1,107.73,2024-04,Thursday
ORD_000999,CUST_0092,2025-06-17,Smartphone,Electronics,1278.2,1,1278.2,2025-06,Tuesday
